commune,district,region,province
Ambohimangakely,Antananarivo Avaradrano,Analamanga,Antananarivo
Manandriana,Antananarivo Avaradrano,Analamanga,Antananarivo
Ambohimalaza Miray,Antananarivo Avaradrano,Analamanga,Antananarivo
Fiaferana,Antananarivo Avaradrano,Analamanga,Antananarivo
Ambohimanga Rova,Antananarivo Avaradrano,Analamanga,Antananarivo
Viliahazo,Antananarivo Avaradrano,Analamanga,Antananarivo
Talata Volonondry,Antananarivo Avaradrano,Analamanga,Antananarivo
Anjeva Gara,Antananarivo Avaradrano,Analamanga,Antananarivo
Masindray,Antananarivo Avaradrano,Analamanga,Antananarivo
Ankadinandriana,Antananarivo Avaradrano,Analamanga,Antananarivo
6e Arrondissement,6e Arrondissement,Analamanga,Antananarivo
Alasora,Antananarivo Avaradrano,Analamanga,Antananarivo
Ankadikely Ilafy,Antananarivo Avaradrano,Analamanga,Antananarivo
Ambohimanambola,Antananarivo Avaradrano,Analamanga,Antananarivo
Sabotsy Namehana,Antananarivo Avaradrano,Analamanga,Antananarivo
Ambatolampy,Ambohidratrimo,Analamanga,Antananarivo
Ampangabe,Ambohidratrimo,Analamanga,Antananarivo
Ampanotokana,Ambohidratrimo,Analamanga,Antananarivo
Mananjara,Ambohidratrimo,Analamanga,Antananarivo
Manjakavaradrano,Ambohidratrimo,Analamanga,Antananarivo
Ivato Firaisana,Ambohidratrimo,Analamanga,Antananarivo
Ivato Aeroport,Ambohidratrimo,Analamanga,Antananarivo
Ambohitrimanjaka,Ambohidratrimo,Analamanga,Antananarivo
Mahitsy,Ambohidratrimo,Analamanga,Antananarivo
Merimandroso,Ambohidratrimo,Analamanga,Antananarivo
Ambohidratrimo,Ambohidratrimo,Analamanga,Antananarivo
Anosiala,Ambohidratrimo,Analamanga,Antananarivo
Talatamaty,Ambohidratrimo,Analamanga,Antananarivo
Antehiroka,Ambohidratrimo,Analamanga,Antananarivo
Iarinarivo,Ambohidratrimo,Analamanga,Antananarivo
1er Arrondissement,1er Arrondissement,Analamanga,Antananarivo
2e Arrondissement,2e Arrondissement,Analamanga,Antananarivo
3e Arrondissement,3e Arrondissement,Analamanga,Antananarivo
4e Arrondissement,4e Arrondissement,Analamanga,Antananarivo
5e Arrondissement,5e Arrondissement,Analamanga,Antananarivo
Antsahafilo,Ambohidratrimo,Analamanga,Antananarivo
Ambohimanjaka,Ambohidratrimo,Analamanga,Antananarivo
Fiadanana,Ambohidratrimo,Analamanga,Antananarivo
Mahabo,Ambohidratrimo,Analamanga,Antananarivo
Mahereza,Ambohidratrimo,Analamanga,Antananarivo
Antanetibe,Ambohidratrimo,Analamanga,Antananarivo
Ambohipihaonana,Ambohidratrimo,Analamanga,Antananarivo
Ambato,Ambohidratrimo,Analamanga,Antananarivo
Anjanadoria,Ambohidratrimo,Analamanga,Antananarivo
Avaratsena,Ambohidratrimo,Analamanga,Antananarivo
Ankazobe,Ankazobe,Analamanga,Antananarivo
Talata Angavo,Ankazobe,Analamanga,Antananarivo
Ambohitromby,Ankazobe,Analamanga,Antananarivo
Antotohazo,Ankazobe,Analamanga,Antananarivo
Marondry,Ankazobe,Analamanga,Antananarivo
Sambaina,Manjakandriana,Analamanga,Antananarivo
Ambohibary,Manjakandriana,Analamanga,Antananarivo
Ambatomanga,Manjakandriana,Analamanga,Antananarivo
Alarobia,Manjakandriana,Analamanga,Antananarivo
Mantasoa,Manjakandriana,Analamanga,Antananarivo
Antakavana,Ankazobe,Analamanga,Antananarivo
Kiangara,Ankazobe,Analamanga,Antananarivo
Miantso,Ankazobe,Analamanga,Antananarivo
Manjakandriana,Manjakandriana,Analamanga,Antananarivo
Ambatolaona,Manjakandriana,Analamanga,Antananarivo
Fihaonana,Ankazobe,Analamanga,Antananarivo
Mahavelona,Ankazobe,Analamanga,Antananarivo
Fiadanana,Ankazobe,Analamanga,Antananarivo
Tsaramasoandro,Ankazobe,Analamanga,Antananarivo
Ambolotarakely,Ankazobe,Analamanga,Antananarivo
Ranovao,Manjakandriana,Analamanga,Antananarivo
Miadanandriana,Manjakandriana,Analamanga,Antananarivo
Nandihizana,Manjakandriana,Analamanga,Antananarivo
Anjepy,Manjakandriana,Analamanga,Antananarivo
Ambanitsena,Manjakandriana,Analamanga,Antananarivo
Ambohitrandriamanitra,Manjakandriana,Analamanga,Antananarivo
Ambatomena,Manjakandriana,Analamanga,Antananarivo
Ambohibao Sud,Manjakandriana,Analamanga,Antananarivo
Ambohitseheno,Manjakandriana,Analamanga,Antananarivo
Antsahalalina,Manjakandriana,Analamanga,Antananarivo
Ambohimahasoa,Ambohimahasoa,Matsiatra Ambony,Fianarantsoa
Ampitana,Ambohimahasoa,Matsiatra Ambony,Fianarantsoa
Ambohipo,Manandriana,Amoron'i Mania,Fianarantsoa
Anjoman'ankona,Manandriana,Amoron'i Mania,Fianarantsoa
Vinany Andakatanikely,Manandriana,Amoron'i Mania,Fianarantsoa
Ampatana Mandriankeniheny,Antsirabe I,Vakinankaratra,Antananarivo
Ampitatafika,Antanifotsy,Vakinankaratra,Antananarivo
Ambatomiady,Antanifotsy,Vakinankaratra,Antananarivo
Andranofito,Antanifotsy,Vakinankaratra,Antananarivo
Fenoarivo,Ambalavao,Matsiatra Ambony,Fianarantsoa
Sabotsy Ambohitromby,Andramasina,Analamanga,Antananarivo
Andohariana,Andramasina,Analamanga,Antananarivo
Mandrosoa,Andramasina,Analamanga,Antananarivo
Ambatofahavalo,Antananarivo Atsimondrano,Analamanga,Antananarivo
Antsenakely Andraikiba,Antsirabe I,Vakinankaratra,Antananarivo
Ankarimbelo,Ikongo,Fitovinany,Fianarantsoa
Antodinga,Ikongo,Fitovinany,Fianarantsoa
Kalafotsy,Ikongo,Fitovinany,Fianarantsoa
Antondabe,Befotaka,Atsimo-Atsinanana,Fianarantsoa
Marovitsika Sud,Befotaka,Atsimo-Atsinanana,Fianarantsoa
Antaninarenina,Befotaka,Atsimo-Atsinanana,Fianarantsoa
Ambohitrony,Manjakandriana,Analamanga,Antananarivo
Merikanjaka,Manjakandriana,Analamanga,Antananarivo
Anjoma Betoho,Manjakandriana,Analamanga,Antananarivo
Ankazondandy,Manjakandriana,Analamanga,Antananarivo
Amparatanjona,Anjozorobe,Analamanga,Antananarivo
Amboasary Nord,Anjozorobe,Analamanga,Antananarivo
Androvakely,Anjozorobe,Analamanga,Antananarivo
Ambohibary Vohilena,Anjozorobe,Analamanga,Antananarivo
Ambohimirary,Anjozorobe,Analamanga,Antananarivo
Soavinandriana,Manjakandriana,Analamanga,Antananarivo
Ambohitrolomahitsy,Manjakandriana,Analamanga,Antananarivo
Ampaneva,Manjakandriana,Analamanga,Antananarivo
Sadabe,Manjakandriana,Analamanga,Antananarivo
Anjozorobe,Anjozorobe,Analamanga,Antananarivo
Mangamila,Anjozorobe,Analamanga,Antananarivo
Ambongamarina,Anjozorobe,Analamanga,Antananarivo
Tsarasaotra,Anjozorobe,Analamanga,Antananarivo
Ambohimanarina Marovazaha,Anjozorobe,Analamanga,Antananarivo
Betatao,Anjozorobe,Analamanga,Antananarivo
Alakamisy,Anjozorobe,Analamanga,Antananarivo
Analaroa,Anjozorobe,Analamanga,Antananarivo
Antanetibe,Anjozorobe,Analamanga,Antananarivo
Belanitra,Anjozorobe,Analamanga,Antananarivo
Ambatomanoina,Anjozorobe,Analamanga,Antananarivo
Marotsipoy,Anjozorobe,Analamanga,Antananarivo
Beronono,Anjozorobe,Analamanga,Antananarivo
Andramasina,Andramasina,Analamanga,Antananarivo
Alatsinainy Bakaro,Andramasina,Analamanga,Antananarivo
Antotohazo,Andramasina,Analamanga,Antananarivo
Andoharanofotsy,Antananarivo Atsimondrano,Analamanga,Antananarivo
Ankaraobato,Antananarivo Atsimondrano,Analamanga,Antananarivo
Soalandy,Antananarivo Atsimondrano,Analamanga,Antananarivo
Antanetikely,Antananarivo Atsimondrano,Analamanga,Antananarivo
Alatsinainy Ambazaha,Antananarivo Atsimondrano,Analamanga,Antananarivo
Bemasoandro,Antananarivo Atsimondrano,Analamanga,Antananarivo
Fiombonana,Antananarivo Atsimondrano,Analamanga,Antananarivo
Itaosy,Antananarivo Atsimondrano,Analamanga,Antananarivo
Ambavahaditokana,Antananarivo Atsimondrano,Analamanga,Antananarivo
Tanjombato,Antananarivo Atsimondrano,Analamanga,Antananarivo
Anosibe Trimoloharano,Andramasina,Analamanga,Antananarivo
Ampitatafika,Antananarivo Atsimondrano,Analamanga,Antananarivo
Anosizato Andrefana,Antananarivo Atsimondrano,Analamanga,Antananarivo
Andranonahoatra,Antananarivo Atsimondrano,Analamanga,Antananarivo
Ambohidrapeto,Antananarivo Atsimondrano,Analamanga,Antananarivo
Ambohijanaka,Antananarivo Atsimondrano,Analamanga,Antananarivo
Ampahitrosy,Antananarivo Atsimondrano,Analamanga,Antananarivo
Bongatsara,Antananarivo Atsimondrano,Analamanga,Antananarivo
Androhibe,Antananarivo Atsimondrano,Analamanga,Antananarivo
Tsiafahy,Antananarivo Atsimondrano,Analamanga,Antananarivo
Ampanefy,Antananarivo Atsimondrano,Analamanga,Antananarivo
Ankadimanga,Antananarivo Atsimondrano,Analamanga,Antananarivo
Fenoarivo,Antananarivo Atsimondrano,Analamanga,Antananarivo
Alakamisy Fenoarivo,Antananarivo Atsimondrano,Analamanga,Antananarivo
Soavina,Antananarivo Atsimondrano,Analamanga,Antananarivo
Betafo,Betafo,Vakinankaratra,Antananarivo
Andranomafana,Betafo,Vakinankaratra,Antananarivo
Mandritsara,Betafo,Vakinankaratra,Antananarivo
Alakamisy Anativato,Betafo,Vakinankaratra,Antananarivo
Antsoso,Betafo,Vakinankaratra,Antananarivo
Ambalavao,Antananarivo Atsimondrano,Analamanga,Antananarivo
Soamalaza Mahatsinjo,Antsirabe I,Vakinankaratra,Antananarivo
Antsirabe Afovoany Atsinanana,Antsirabe I,Vakinankaratra,Antananarivo
Manodidina Ny Gara Ambilombe,Antsirabe I,Vakinankaratra,Antananarivo
Mahazoarivo Avarabohitra,Antsirabe I,Vakinankaratra,Antananarivo
Tritriva,Betafo,Vakinankaratra,Antananarivo
Soavina,Betafo,Vakinankaratra,Antananarivo
Manohisoa,Betafo,Vakinankaratra,Antananarivo
Ambatonikolahy,Betafo,Vakinankaratra,Antananarivo
Antohobe,Betafo,Vakinankaratra,Antananarivo
Mahaiza,Betafo,Vakinankaratra,Antananarivo
Anosiarivo Manapa,Betafo,Vakinankaratra,Antananarivo
Alakamisy Marososona,Betafo,Vakinankaratra,Antananarivo
Ambohimanambola,Betafo,Vakinankaratra,Antananarivo
Ambohimasina,Betafo,Vakinankaratra,Antananarivo
Ambohimiadana,Andramasina,Analamanga,Antananarivo
Tankafatra,Andramasina,Analamanga,Antananarivo
Alarobia Vatosola,Andramasina,Analamanga,Antananarivo
Fitsinjovana Bakaro,Andramasina,Analamanga,Antananarivo
Sabotsy Manjakavahoaka,Andramasina,Analamanga,Antananarivo
Inanantonana,Betafo,Vakinankaratra,Antananarivo
Alarobia Bemaha,Betafo,Vakinankaratra,Antananarivo
Andrembesoa,Betafo,Vakinankaratra,Antananarivo
Ambatolampy,Ambatolampy,Vakinankaratra,Antananarivo
Morarano,Ambatolampy,Vakinankaratra,Antananarivo
Ambohipihaonana,Ambatolampy,Vakinankaratra,Antananarivo
Manjakatompo,Ambatolampy,Vakinankaratra,Antananarivo
Ambatondrakalavao,Ambatolampy,Vakinankaratra,Antananarivo
Andriambilany,Ambatolampy,Vakinankaratra,Antananarivo
Belambo Firaisana,Ambatolampy,Vakinankaratra,Antananarivo
Andravola Vohipeno,Ambatolampy,Vakinankaratra,Antananarivo
Tsiafajavona Ankaratra,Ambatolampy,Vakinankaratra,Antananarivo
Ambodifarihy Fenomanana,Ambatolampy,Vakinankaratra,Antananarivo
Sabotsy Namatoana,Ambatolampy,Vakinankaratra,Antananarivo
Antanimasaka,Ambatolampy,Vakinankaratra,Antananarivo
Faratsiho,Faratsiho,Vakinankaratra,Antananarivo
Antsampanimahazo,Faratsiho,Vakinankaratra,Antananarivo
Faravohitra,Faratsiho,Vakinankaratra,Antananarivo
Ramainandro,Faratsiho,Vakinankaratra,Antananarivo
Andranomiady,Faratsiho,Vakinankaratra,Antananarivo
Andranovelona,Ambatolampy,Vakinankaratra,Antananarivo
Antanifotsy,Antanifotsy,Vakinankaratra,Antananarivo
Ambatolahy,Antanifotsy,Vakinankaratra,Antananarivo
Ambohimandroso,Antanifotsy,Vakinankaratra,Antananarivo
Ambatotsipihina,Antanifotsy,Vakinankaratra,Antananarivo
Belazao,Antsirabe II,Vakinankaratra,Antananarivo
Alakamisy,Antsirabe II,Vakinankaratra,Antananarivo
Antanimandry,Antsirabe II,Vakinankaratra,Antananarivo
Vinaninkarena,Antsirabe II,Vakinankaratra,Antananarivo
Andranomanelatra,Antsirabe II,Vakinankaratra,Antananarivo
Vinaninony Atsimo,Faratsiho,Vakinankaratra,Antananarivo
Ambohiborona,Faratsiho,Vakinankaratra,Antananarivo
Miandrarivo,Faratsiho,Vakinankaratra,Antananarivo
Valabetokana,Faratsiho,Vakinankaratra,Antananarivo
Ambano,Antsirabe II,Vakinankaratra,Antananarivo
Ambohitompoina,Antanifotsy,Vakinankaratra,Antananarivo
Belanitra,Antanifotsy,Vakinankaratra,Antananarivo
Antsahalava,Antanifotsy,Vakinankaratra,Antananarivo
Ambodiriana,Antanifotsy,Vakinankaratra,Antananarivo
Antsampandrano,Antanifotsy,Vakinankaratra,Antananarivo
Ambohidranandriana,Antsirabe II,Vakinankaratra,Antananarivo
Ambohimiarivo,Antsirabe II,Vakinankaratra,Antananarivo
Ambohitsimanova,Antsirabe II,Vakinankaratra,Antananarivo
Mangarano,Antsirabe II,Vakinankaratra,Antananarivo
Manandona,Antsirabe II,Vakinankaratra,Antananarivo
Antsoatany,Antsirabe II,Vakinankaratra,Antananarivo
Alatsinainy Ibity,Antsirabe II,Vakinankaratra,Antananarivo
Sahanivotry Manandona,Antsirabe II,Vakinankaratra,Antananarivo
Soanindrariny,Antsirabe II,Vakinankaratra,Antananarivo
Ambatomena,Antsirabe II,Vakinankaratra,Antananarivo
Ambohibary,Antsirabe II,Vakinankaratra,Antananarivo
Mandrosohasina,Antsirabe II,Vakinankaratra,Antananarivo
Tsarahonenana Sahanivotry,Antsirabe II,Vakinankaratra,Antananarivo
Antanambao,Antsirabe II,Vakinankaratra,Antananarivo
Mandoto,Mandoto,Vakinankaratra,Antananarivo
Betsohana,Mandoto,Vakinankaratra,Antananarivo
Antanambao Ambary,Mandoto,Vakinankaratra,Antananarivo
Anjoma Ramartina,Mandoto,Vakinankaratra,Antananarivo
Ankazomiriotra,Mandoto,Vakinankaratra,Antananarivo
Fidirana,Mandoto,Vakinankaratra,Antananarivo
Behenjy,Ambatolampy,Vakinankaratra,Antananarivo
Antsampandrano,Ambatolampy,Vakinankaratra,Antananarivo
Antanamalaza,Ambatolampy,Vakinankaratra,Antananarivo
Antakasina,Ambatolampy,Vakinankaratra,Antananarivo
Tsinjoarivo,Ambatolampy,Vakinankaratra,Antananarivo
Ampahimanga,Arivonimamo,Itasy,Antananarivo
Amboanana,Arivonimamo,Itasy,Antananarivo
Morafeno,Arivonimamo,Itasy,Antananarivo
Imerintsiatosika,Arivonimamo,Itasy,Antananarivo
Morarano,Arivonimamo,Itasy,Antananarivo
Mahatsinjo Est,Arivonimamo,Itasy,Antananarivo
Marofangady,Arivonimamo,Itasy,Antananarivo
Rambolamasoandro Andranomiely,Arivonimamo,Itasy,Antananarivo
Ambohimandry,Arivonimamo,Itasy,Antananarivo
Antambolo,Arivonimamo,Itasy,Antananarivo
Ambatomirahavavy,Arivonimamo,Itasy,Antananarivo
Ambatomanga,Arivonimamo,Itasy,Antananarivo
Manalalondo,Arivonimamo,Itasy,Antananarivo
Antenimbe,Arivonimamo,Itasy,Antananarivo
Alakamisikely,Arivonimamo,Itasy,Antananarivo
Analavory,Miarinarivo,Itasy,Antananarivo
Alatsinainikely,Miarinarivo,Itasy,Antananarivo
Mandiavato,Miarinarivo,Itasy,Antananarivo
Anosibe Ifanja,Miarinarivo,Itasy,Antananarivo
Sarobaratra Ifanja,Miarinarivo,Itasy,Antananarivo
Miarinarivo II,Miarinarivo,Itasy,Antananarivo
Ambatomanjaka,Miarinarivo,Itasy,Antananarivo
Manazary,Miarinarivo,Itasy,Antananarivo
Antoby Est,Miarinarivo,Itasy,Antananarivo
Soamahamanina,Miarinarivo,Itasy,Antananarivo
Vasiana,Mandoto,Vakinankaratra,Antananarivo
Vinany,Mandoto,Vakinankaratra,Antananarivo
Arivonimamo I,Arivonimamo,Itasy,Antananarivo
Arivonimamo II,Arivonimamo,Itasy,Antananarivo
Ambohitrambo,Arivonimamo,Itasy,Antananarivo
Ambohimasina,Arivonimamo,Itasy,Antananarivo
Ambohipandrano,Arivonimamo,Itasy,Antananarivo
Miandrandra,Arivonimamo,Itasy,Antananarivo
Miantsoarivo,Arivonimamo,Itasy,Antananarivo
Miarinarivo I,Miarinarivo,Itasy,Antananarivo
Ampary,Soavinandriana,Itasy,Antananarivo
Mananasy,Soavinandriana,Itasy,Antananarivo
Masindray,Soavinandriana,Itasy,Antananarivo
Amparibohitra,Soavinandriana,Itasy,Antananarivo
Ampefy,Soavinandriana,Itasy,Antananarivo
Antanetibe,Soavinandriana,Itasy,Antananarivo
Amparaky,Soavinandriana,Itasy,Antananarivo
Amberomanga,Soavinandriana,Itasy,Antananarivo
Ankaranana,Soavinandriana,Itasy,Antananarivo
Mahavelona,Soavinandriana,Itasy,Antananarivo
Zoma Bealoka,Miarinarivo,Itasy,Antananarivo
Soavimbazaha,Miarinarivo,Itasy,Antananarivo
Andolofotsy,Miarinarivo,Itasy,Antananarivo
Soavinandriana,Soavinandriana,Itasy,Antananarivo
Dondona,Soavinandriana,Itasy,Antananarivo
Ankisabe,Soavinandriana,Itasy,Antananarivo
Ambatoasana Centre,Soavinandriana,Itasy,Antananarivo
Tamponala,Soavinandriana,Itasy,Antananarivo
Tsiroanomandidy Ville,Tsiroanomandidy,Bongolava,Antananarivo
Tsiroanomandidy Fihaonana,Tsiroanomandidy,Bongolava,Antananarivo
Ambatolampy,Tsiroanomandidy,Bongolava,Antananarivo
Maritampona,Tsiroanomandidy,Bongolava,Antananarivo
Bevato,Tsiroanomandidy,Bongolava,Antananarivo
Ankadinondry Sakay,Tsiroanomandidy,Bongolava,Antananarivo
Ankerana Avaratra,Tsiroanomandidy,Bongolava,Antananarivo
Miandrarivo,Tsiroanomandidy,Bongolava,Antananarivo
Tsinjoarivo Imanga,Tsiroanomandidy,Bongolava,Antananarivo
Soanierana,Tsiroanomandidy,Bongolava,Antananarivo
Anosy,Tsiroanomandidy,Bongolava,Antananarivo
Ambararatabe,Tsiroanomandidy,Bongolava,Antananarivo
Tanana Ambany,Fianarantsoa I,Matsiatra Ambony,Fianarantsoa
Andrainjato Avaratra,Fianarantsoa I,Matsiatra Ambony,Fianarantsoa
Andrainjato Sud,Fianarantsoa I,Matsiatra Ambony,Fianarantsoa
Manolafaka,Fianarantsoa I,Matsiatra Ambony,Fianarantsoa
Lalazana,Fianarantsoa I,Matsiatra Ambony,Fianarantsoa
Belobaka,Tsiroanomandidy,Bongolava,Antananarivo
Vatosola,Fianarantsoa I,Matsiatra Ambony,Fianarantsoa
Ambalanirana,Tsiroanomandidy,Bongolava,Antananarivo
Ambalavao,Ambalavao,Matsiatra Ambony,Fianarantsoa
Mahasolo,Tsiroanomandidy,Bongolava,Antananarivo
Manamisoa,Ambalavao,Matsiatra Ambony,Fianarantsoa
Bemahatazana,Tsiroanomandidy,Bongolava,Antananarivo
Iarintsena,Ambalavao,Matsiatra Ambony,Fianarantsoa
Fierenana,Tsiroanomandidy,Bongolava,Antananarivo
Ambohimandroso,Ambalavao,Matsiatra Ambony,Fianarantsoa
Tsinjoarivo 22,Fenoarivobe,Bongolava,Antananarivo
Mahajeby,Fenoarivobe,Bongolava,Antananarivo
Ambohitromby,Fenoarivobe,Bongolava,Antananarivo
Ambatomainty Atsimo,Fenoarivobe,Bongolava,Antananarivo
Tanana Ambony,Fianarantsoa I,Matsiatra Ambony,Fianarantsoa
Andrainjato,Ambalavao,Matsiatra Ambony,Fianarantsoa
Anjoma,Ambalavao,Matsiatra Ambony,Fianarantsoa
Kirano,Ambalavao,Matsiatra Ambony,Fianarantsoa
Sendrisoa,Ambalavao,Matsiatra Ambony,Fianarantsoa
Besoa,Ambalavao,Matsiatra Ambony,Fianarantsoa
Maroharona,Tsiroanomandidy,Bongolava,Antananarivo
Fenoarivo Centre,Fenoarivobe,Bongolava,Antananarivo
Firavahana,Fenoarivobe,Bongolava,Antananarivo
Morarano Maritampona,Fenoarivobe,Bongolava,Antananarivo
Kiranomena,Fenoarivobe,Bongolava,Antananarivo
Mahazony,Ambalavao,Matsiatra Ambony,Fianarantsoa
Ambinanindovoka,Ambalavao,Matsiatra Ambony,Fianarantsoa
Ankaramena,Ambalavao,Matsiatra Ambony,Fianarantsoa
Ambinaniroa,Ambalavao,Matsiatra Ambony,Fianarantsoa
Ambohimahamasina,Ambalavao,Matsiatra Ambony,Fianarantsoa
Miarinarivo,Ambalavao,Matsiatra Ambony,Fianarantsoa
Vohitsaoka,Ambalavao,Matsiatra Ambony,Fianarantsoa
Ankerana,Ambohimahasoa,Matsiatra Ambony,Fianarantsoa
Manandroy,Ambohimahasoa,Matsiatra Ambony,Fianarantsoa
Ambalakindresy,Ambohimahasoa,Matsiatra Ambony,Fianarantsoa
Ambatosoa,Ambohimahasoa,Matsiatra Ambony,Fianarantsoa
Isaka,Ambohimahasoa,Matsiatra Ambony,Fianarantsoa
Vohitrarivo,Ambohimahasoa,Matsiatra Ambony,Fianarantsoa
Ambohinamboarina,Ambohimahasoa,Matsiatra Ambony,Fianarantsoa
Sahatona,Ambohimahasoa,Matsiatra Ambony,Fianarantsoa
Ankafina Tsarafidy,Ambohimahasoa,Matsiatra Ambony,Fianarantsoa
Sahave,Ambohimahasoa,Matsiatra Ambony,Fianarantsoa
Morafeno,Ambohimahasoa,Matsiatra Ambony,Fianarantsoa
Ikalalao,Ambohimahasoa,Matsiatra Ambony,Fianarantsoa
Vohiposa,Ambohimahasoa,Matsiatra Ambony,Fianarantsoa
Taindambo,Lalangina,Matsiatra Ambony,Fianarantsoa
Mahatsinjony,Lalangina,Matsiatra Ambony,Fianarantsoa
Sahambavy,Lalangina,Matsiatra Ambony,Fianarantsoa
Ambalamahasoa,Lalangina,Matsiatra Ambony,Fianarantsoa
Alakamisy Ambohimaha,Lalangina,Matsiatra Ambony,Fianarantsoa
Androy,Lalangina,Matsiatra Ambony,Fianarantsoa
Alatsinainy Ialamarina,Lalangina,Matsiatra Ambony,Fianarantsoa
Fandrandava,Lalangina,Matsiatra Ambony,Fianarantsoa
Ialananindro,Lalangina,Matsiatra Ambony,Fianarantsoa
Mahasoabe,Vohibato,Matsiatra Ambony,Fianarantsoa
Camp Robin,Ambohimahasoa,Matsiatra Ambony,Fianarantsoa
Befeta,Ambohimahasoa,Matsiatra Ambony,Fianarantsoa
Fiadanana,Ambohimahasoa,Matsiatra Ambony,Fianarantsoa
Ikalamavony,Ikalamavony,Matsiatra Ambony,Fianarantsoa
Mangidy,Ikalamavony,Matsiatra Ambony,Fianarantsoa
Tanamarina Bekisopa,Ikalamavony,Matsiatra Ambony,Fianarantsoa
Andrainjato Centre,Lalangina,Matsiatra Ambony,Fianarantsoa
Andrainjato Est,Lalangina,Matsiatra Ambony,Fianarantsoa
Ambalakely,Lalangina,Matsiatra Ambony,Fianarantsoa
Ivoamba,Lalangina,Matsiatra Ambony,Fianarantsoa
Vinanitelo,Vohibato,Matsiatra Ambony,Fianarantsoa
Alakamisy Itenina,Vohibato,Matsiatra Ambony,Fianarantsoa
Talata Ampano,Vohibato,Matsiatra Ambony,Fianarantsoa
Ihazoara,Vohibato,Matsiatra Ambony,Fianarantsoa
Ankaromalaza Mifanasoa,Vohibato,Matsiatra Ambony,Fianarantsoa
Vohimarina,Vohibato,Matsiatra Ambony,Fianarantsoa
Maneva,Vohibato,Matsiatra Ambony,Fianarantsoa
Vohitrafeno,Vohibato,Matsiatra Ambony,Fianarantsoa
Andranovorivato,Vohibato,Matsiatra Ambony,Fianarantsoa
Vohibato Ouest,Vohibato,Matsiatra Ambony,Fianarantsoa
Andranomiditra,Vohibato,Matsiatra Ambony,Fianarantsoa
Soaindrana,Vohibato,Matsiatra Ambony,Fianarantsoa
Mahaditra,Vohibato,Matsiatra Ambony,Fianarantsoa
Isorana,Isandra,Matsiatra Ambony,Fianarantsoa
Anjoma Itsara,Isandra,Matsiatra Ambony,Fianarantsoa
Andoharanomaitso,Isandra,Matsiatra Ambony,Fianarantsoa
Ambondrona,Isandra,Matsiatra Ambony,Fianarantsoa
Ambalamidera II,Isandra,Matsiatra Ambony,Fianarantsoa
Ankarinarivo Manirisoa,Isandra,Matsiatra Ambony,Fianarantsoa
Soatanana,Isandra,Matsiatra Ambony,Fianarantsoa
Solila,Ikalamavony,Matsiatra Ambony,Fianarantsoa
Ambatomainty,Ikalamavony,Matsiatra Ambony,Fianarantsoa
Fitampito,Ikalamavony,Matsiatra Ambony,Fianarantsoa
Tanamarina Sakay,Ikalamavony,Matsiatra Ambony,Fianarantsoa
Tsitondroina,Ikalamavony,Matsiatra Ambony,Fianarantsoa
Ankazoambo,Ambositra,Amoron'i Mania,Fianarantsoa
Ivony Miaramiasa,Ambositra,Amoron'i Mania,Fianarantsoa
Andina,Ambositra,Amoron'i Mania,Fianarantsoa
Imerina Imady,Ambositra,Amoron'i Mania,Fianarantsoa
Ivato,Ambositra,Amoron'i Mania,Fianarantsoa
Nasandratrony,Isandra,Matsiatra Ambony,Fianarantsoa
Mahazoarivo,Isandra,Matsiatra Ambony,Fianarantsoa
Fanjakana,Isandra,Matsiatra Ambony,Fianarantsoa
Iavonomby Vohibola,Isandra,Matsiatra Ambony,Fianarantsoa
Ambatofinandrahana,Ambatofinandrahana,Amoron'i Mania,Fianarantsoa
Ambalamanakana,Ambositra,Amoron'i Mania,Fianarantsoa
Ilaka Centre,Ambositra,Amoron'i Mania,Fianarantsoa
Ihadilanana,Ambositra,Amoron'i Mania,Fianarantsoa
Ambatofitorahana,Ambositra,Amoron'i Mania,Fianarantsoa
Antoetra,Ambositra,Amoron'i Mania,Fianarantsoa
Tsarasaotra,Ambositra,Amoron'i Mania,Fianarantsoa
Marosoa,Ambositra,Amoron'i Mania,Fianarantsoa
Fahizay,Ambositra,Amoron'i Mania,Fianarantsoa
Alakamisy Ambohijato,Ambositra,Amoron'i Mania,Fianarantsoa
Kianjandrakefina,Ambositra,Amoron'i Mania,Fianarantsoa
Itremo,Ambatofinandrahana,Amoron'i Mania,Fianarantsoa
Fenoarivo,Ambatofinandrahana,Amoron'i Mania,Fianarantsoa
Soavina,Ambatofinandrahana,Amoron'i Mania,Fianarantsoa
Ambondromisotra,Ambatofinandrahana,Amoron'i Mania,Fianarantsoa
Ambatomifanongoa,Ambatofinandrahana,Amoron'i Mania,Fianarantsoa
Mahazina Ambohipierenana,Ambositra,Amoron'i Mania,Fianarantsoa
Sahatsiho Ambohimanjaka,Ambositra,Amoron'i Mania,Fianarantsoa
Ambohimitombo I,Ambositra,Amoron'i Mania,Fianarantsoa
Ambohimitombo II,Ambositra,Amoron'i Mania,Fianarantsoa
Ambinanindrano,Ambositra,Amoron'i Mania,Fianarantsoa
Tsarazaza,Fandriana,Amoron'i Mania,Fianarantsoa
Tatamalaza,Fandriana,Amoron'i Mania,Fianarantsoa
Ankarinoro,Fandriana,Amoron'i Mania,Fianarantsoa
Sandrandahy,Fandriana,Amoron'i Mania,Fianarantsoa
Mahazoarivo,Fandriana,Amoron'i Mania,Fianarantsoa
Vohidahy,Ambositra,Amoron'i Mania,Fianarantsoa
Fandriana,Fandriana,Amoron'i Mania,Fianarantsoa
Milamaina,Fandriana,Amoron'i Mania,Fianarantsoa
Sahamadio Fisakana,Fandriana,Amoron'i Mania,Fianarantsoa
Fiadanana,Fandriana,Amoron'i Mania,Fianarantsoa
Miarinavaratra,Fandriana,Amoron'i Mania,Fianarantsoa
Betsimisotra,Fandriana,Amoron'i Mania,Fianarantsoa
Alakamisy Ambohimahazo,Fandriana,Amoron'i Mania,Fianarantsoa
Imito,Fandriana,Amoron'i Mania,Fianarantsoa
Ambovombe Centre,Manandriana,Amoron'i Mania,Fianarantsoa
Ambohimahazo,Manandriana,Amoron'i Mania,Fianarantsoa
Anjoma Nandihizana,Manandriana,Amoron'i Mania,Fianarantsoa
Ambohimilanja,Manandriana,Amoron'i Mania,Fianarantsoa
Talata Vohimena,Manandriana,Amoron'i Mania,Fianarantsoa
Ambatomarina,Manandriana,Amoron'i Mania,Fianarantsoa
Andakatany,Manandriana,Amoron'i Mania,Fianarantsoa
Ifanadiana,Ifanadiana,Vatovavy,Fianarantsoa
Antaretra,Ifanadiana,Vatovavy,Fianarantsoa
Tsaratanana,Ifanadiana,Vatovavy,Fianarantsoa
Ranomafana,Ifanadiana,Vatovavy,Fianarantsoa
Kelilalina,Ifanadiana,Vatovavy,Fianarantsoa
Androrangavola,Ifanadiana,Vatovavy,Fianarantsoa
Marotoko,Ifanadiana,Vatovavy,Fianarantsoa
Ambohimiera,Ifanadiana,Vatovavy,Fianarantsoa
Antsindra,Ifanadiana,Vatovavy,Fianarantsoa
Ambohimanga Du Sud,Ifanadiana,Vatovavy,Fianarantsoa
Analampasina,Ifanadiana,Vatovavy,Fianarantsoa
Fasintsara,Ifanadiana,Vatovavy,Fianarantsoa
Maroharatra,Ifanadiana,Vatovavy,Fianarantsoa
Nosy Varika,Nosy-Varika,Vatovavy,Fianarantsoa
Ambahy,Nosy-Varika,Vatovavy,Fianarantsoa
Andara,Nosy-Varika,Vatovavy,Fianarantsoa
Fiadanana,Nosy-Varika,Vatovavy,Fianarantsoa
Ambodirian'i Sahafary,Nosy-Varika,Vatovavy,Fianarantsoa
Sahavato,Nosy-Varika,Vatovavy,Fianarantsoa
Vohilava,Nosy-Varika,Vatovavy,Fianarantsoa
Vohitrandriana,Nosy-Varika,Vatovavy,Fianarantsoa
Vohidroa,Nosy-Varika,Vatovavy,Fianarantsoa
Ambakobe,Nosy-Varika,Vatovavy,Fianarantsoa
Soavina,Nosy-Varika,Vatovavy,Fianarantsoa
Befody,Nosy-Varika,Vatovavy,Fianarantsoa
Ambodiara,Nosy-Varika,Vatovavy,Fianarantsoa
Mananjary,Mananjary,Vatovavy,Fianarantsoa
Tsaravary,Mananjary,Vatovavy,Fianarantsoa
Ankatafana,Mananjary,Vatovavy,Fianarantsoa
Ambodilafa,Nosy-Varika,Vatovavy,Fianarantsoa
Androrangavola,Nosy-Varika,Vatovavy,Fianarantsoa
Ampasinambo,Nosy-Varika,Vatovavy,Fianarantsoa
Antanambao,Nosy-Varika,Vatovavy,Fianarantsoa
Angodongodona,Nosy-Varika,Vatovavy,Fianarantsoa
Antsenavolo,Mananjary,Vatovavy,Fianarantsoa
Marosangy,Mananjary,Vatovavy,Fianarantsoa
Ambohimiarina II,Mananjary,Vatovavy,Fianarantsoa
Andranambolava,Mananjary,Vatovavy,Fianarantsoa
Vohilava,Mananjary,Vatovavy,Fianarantsoa
Mahela,Mananjary,Vatovavy,Fianarantsoa
Mahatsara Sud,Mananjary,Vatovavy,Fianarantsoa
Ambohitsara Est,Mananjary,Vatovavy,Fianarantsoa
Tsiatosika,Mananjary,Vatovavy,Fianarantsoa
Mahavoky Nord,Mananjary,Vatovavy,Fianarantsoa
Mahatsara Iefaka,Mananjary,Vatovavy,Fianarantsoa
Andonabe,Mananjary,Vatovavy,Fianarantsoa
Marokarima,Mananjary,Vatovavy,Fianarantsoa
Ambohinihaonana,Mananjary,Vatovavy,Fianarantsoa
Morafeno,Mananjary,Vatovavy,Fianarantsoa
Marofototra,Mananjary,Vatovavy,Fianarantsoa
Andranomavo,Mananjary,Vatovavy,Fianarantsoa
Vatohandrina,Mananjary,Vatovavy,Fianarantsoa
Ambalahosy Nord,Mananjary,Vatovavy,Fianarantsoa
Ambodinonoka,Mananjary,Vatovavy,Fianarantsoa
Antaretra,Mananjary,Vatovavy,Fianarantsoa
Kianjavato,Mananjary,Vatovavy,Fianarantsoa
Sandrohy,Mananjary,Vatovavy,Fianarantsoa
Anosimparihy,Mananjary,Vatovavy,Fianarantsoa
Manakana Nord,Mananjary,Vatovavy,Fianarantsoa
Namorona,Mananjary,Vatovavy,Fianarantsoa
Manakara,Manakara Atsimo,Fitovinany,Fianarantsoa
Tataho,Manakara Atsimo,Fitovinany,Fianarantsoa
Mangatsiotra,Manakara Atsimo,Fitovinany,Fianarantsoa
Marofarihy,Manakara Atsimo,Fitovinany,Fianarantsoa
Anosiala,Manakara Atsimo,Fitovinany,Fianarantsoa
Ambila,Manakara Atsimo,Fitovinany,Fianarantsoa
Sorombo,Manakara Atsimo,Fitovinany,Fianarantsoa
Mizilo Gara,Manakara Atsimo,Fitovinany,Fianarantsoa
Ambohitsara M,Manakara Atsimo,Fitovinany,Fianarantsoa
Sahasinaka,Manakara Atsimo,Fitovinany,Fianarantsoa
Sahanambohitra,Manakara Atsimo,Fitovinany,Fianarantsoa
Ambahatrazo,Manakara Atsimo,Fitovinany,Fianarantsoa
Amboanjo,Manakara Atsimo,Fitovinany,Fianarantsoa
Anorombato,Manakara Atsimo,Fitovinany,Fianarantsoa
Vohimasy,Manakara Atsimo,Fitovinany,Fianarantsoa
Lokomby,Manakara Atsimo,Fitovinany,Fianarantsoa
Vatana,Manakara Atsimo,Fitovinany,Fianarantsoa
Sakoana,Manakara Atsimo,Fitovinany,Fianarantsoa
Ambahive,Manakara Atsimo,Fitovinany,Fianarantsoa
Ambandrika,Manakara Atsimo,Fitovinany,Fianarantsoa
Ambalaroka,Manakara Atsimo,Fitovinany,Fianarantsoa
Vohimanitra,Manakara Atsimo,Fitovinany,Fianarantsoa
Mitanty,Manakara Atsimo,Fitovinany,Fianarantsoa
Analavory,Manakara Atsimo,Fitovinany,Fianarantsoa
Mavorano,Manakara Atsimo,Fitovinany,Fianarantsoa
Vohimasina Nord,Manakara Atsimo,Fitovinany,Fianarantsoa
Vohimasina Sud,Manakara Atsimo,Fitovinany,Fianarantsoa
Betampona,Manakara Atsimo,Fitovinany,Fianarantsoa
Vohilava,Manakara Atsimo,Fitovinany,Fianarantsoa
Bekatra,Manakara Atsimo,Fitovinany,Fianarantsoa
Vinanitelo,Manakara Atsimo,Fitovinany,Fianarantsoa
Ampasimanjeva,Manakara Atsimo,Fitovinany,Fianarantsoa
Ambotaka,Manakara Atsimo,Fitovinany,Fianarantsoa
Nihaonana,Manakara Atsimo,Fitovinany,Fianarantsoa
Fenomby,Manakara Atsimo,Fitovinany,Fianarantsoa
Ambalavero,Manakara Atsimo,Fitovinany,Fianarantsoa
Amborondra,Manakara Atsimo,Fitovinany,Fianarantsoa
Mahabako,Manakara Atsimo,Fitovinany,Fianarantsoa
Onilahy,Manakara Atsimo,Fitovinany,Fianarantsoa
Mahamaibe,Manakara Atsimo,Fitovinany,Fianarantsoa
Kianjanomby,Manakara Atsimo,Fitovinany,Fianarantsoa
Ampasimpotsy Sud,Manakara Atsimo,Fitovinany,Fianarantsoa
Anteza,Manakara Atsimo,Fitovinany,Fianarantsoa
Saharefo,Manakara Atsimo,Fitovinany,Fianarantsoa
Amborompotsy,Ambatofinandrahana,Amoron'i Mania,Fianarantsoa
Mandrosonoro,Ambatofinandrahana,Amoron'i Mania,Fianarantsoa
Mangataboahangy,Ambatofinandrahana,Amoron'i Mania,Fianarantsoa
Ambositra I,Ambositra,Amoron'i Mania,Fianarantsoa
Ambositra II,Ambositra,Amoron'i Mania,Fianarantsoa
Ampasimboraka,Manakara Atsimo,Fitovinany,Fianarantsoa
Ikongo,Ikongo,Fitovinany,Fianarantsoa
Ambolomadinika,Ikongo,Fitovinany,Fianarantsoa
Ambatofotsy,Ikongo,Fitovinany,Fianarantsoa
Belemoka,Ikongo,Fitovinany,Fianarantsoa
Maromiandra,Ikongo,Fitovinany,Fianarantsoa
Manampatrana,Ikongo,Fitovinany,Fianarantsoa
Ambinanitromby,Ikongo,Fitovinany,Fianarantsoa
Ifanirea,Ikongo,Fitovinany,Fianarantsoa
Tanakambana,Ikongo,Fitovinany,Fianarantsoa
Vohindava,Vohipeno,Fitovinany,Fianarantsoa
Ivato,Vohipeno,Fitovinany,Fianarantsoa
Savana,Vohipeno,Fitovinany,Fianarantsoa
Anoloka,Vohipeno,Fitovinany,Fianarantsoa
Mahabo,Vohipeno,Fitovinany,Fianarantsoa
Sahalanona,Ikongo,Fitovinany,Fianarantsoa
Tolongoina,Ikongo,Fitovinany,Fianarantsoa
Ambohimisafy,Ikongo,Fitovinany,Fianarantsoa
Vohipeno,Vohipeno,Fitovinany,Fianarantsoa
Vohitrindry,Vohipeno,Fitovinany,Fianarantsoa
Ankarimbary,Vohipeno,Fitovinany,Fianarantsoa
Lanivo,Vohipeno,Fitovinany,Fianarantsoa
Nato,Vohipeno,Fitovinany,Fianarantsoa
Mahasoabe,Vohipeno,Fitovinany,Fianarantsoa
Onjatsy,Vohipeno,Fitovinany,Fianarantsoa
Vohilany,Vohipeno,Fitovinany,Fianarantsoa
Andemaka,Vohipeno,Fitovinany,Fianarantsoa
Ifatsy,Vohipeno,Fitovinany,Fianarantsoa
Antananabo,Vohipeno,Fitovinany,Fianarantsoa
Ilakatra,Vohipeno,Fitovinany,Fianarantsoa
Sahalava,Vohipeno,Fitovinany,Fianarantsoa
Mahazoarivo,Vohipeno,Fitovinany,Fianarantsoa
Ihosy,Ihosy,Ihorombe,Fianarantsoa
Ankily,Ihosy,Ihorombe,Fianarantsoa
Ambia,Ihosy,Ihorombe,Fianarantsoa
Tolohomiady,Ihosy,Ihorombe,Fianarantsoa
Irina,Ihosy,Ihorombe,Fianarantsoa
Sahambano,Ihosy,Ihorombe,Fianarantsoa
Analaliry,Ihosy,Ihorombe,Fianarantsoa
Mahasoa,Ihosy,Ihorombe,Fianarantsoa
Ambatolahy,Ihosy,Ihorombe,Fianarantsoa
Soamatasy,Ihosy,Ihorombe,Fianarantsoa
Zazafotsy,Ihosy,Ihorombe,Fianarantsoa
Antsoha,Ihosy,Ihorombe,Fianarantsoa
Sakalalina,Ihosy,Ihorombe,Fianarantsoa
Anosivelo,Farafangana,Atsimo-Atsinanana,Fianarantsoa
Anosy Tsararafa,Farafangana,Atsimo-Atsinanana,Fianarantsoa
Vohitromby,Farafangana,Atsimo-Atsinanana,Fianarantsoa
Ivandrika,Farafangana,Atsimo-Atsinanana,Fianarantsoa
Manambotra Atsimo,Farafangana,Atsimo-Atsinanana,Fianarantsoa
Satrokala,Ihosy,Ihorombe,Fianarantsoa
Andiolava,Ihosy,Ihorombe,Fianarantsoa
Analavoka,Ihosy,Ihorombe,Fianarantsoa
Ranohira,Ihosy,Ihorombe,Fianarantsoa
Ilakaka,Ihosy,Ihorombe,Fianarantsoa
Mahavelo,Farafangana,Atsimo-Atsinanana,Fianarantsoa
Mahafasa Centre,Farafangana,Atsimo-Atsinanana,Fianarantsoa
Amporoforo,Farafangana,Atsimo-Atsinanana,Fianarantsoa
Iabohazo,Farafangana,Atsimo-Atsinanana,Fianarantsoa
Tangainony,Farafangana,Atsimo-Atsinanana,Fianarantsoa
Menamaty Iloto,Ihosy,Ihorombe,Fianarantsoa
Ivohibe,Ivohibe,Ihorombe,Fianarantsoa
Antambohobe,Ivohibe,Ihorombe,Fianarantsoa
Maropaika,Ivohibe,Ihorombe,Fianarantsoa
Ivongo,Ivohibe,Ihorombe,Fianarantsoa
Iakora,Iakora,Ihorombe,Fianarantsoa
Ranotsara Nord,Iakora,Ihorombe,Fianarantsoa
Begogo,Iakora,Ihorombe,Fianarantsoa
Farafangana,Farafangana,Atsimo-Atsinanana,Fianarantsoa
Vohimasy,Farafangana,Atsimo-Atsinanana,Fianarantsoa
Beretra Bevoay,Farafangana,Atsimo-Atsinanana,Fianarantsoa
Ambohigogo,Farafangana,Atsimo-Atsinanana,Fianarantsoa
Maheriraty,Farafangana,Atsimo-Atsinanana,Fianarantsoa
Mahabo Mananivo,Farafangana,Atsimo-Atsinanana,Fianarantsoa
Ambohimandroso,Farafangana,Atsimo-Atsinanana,Fianarantsoa
Ankarana Miraihina,Farafangana,Atsimo-Atsinanana,Fianarantsoa
Evato,Farafangana,Atsimo-Atsinanana,Fianarantsoa
Etrotroka Atsimo,Farafangana,Atsimo-Atsinanana,Fianarantsoa
Ambalavato Nord,Farafangana,Atsimo-Atsinanana,Fianarantsoa
Efatsy,Farafangana,Atsimo-Atsinanana,Fianarantsoa
Tovona,Farafangana,Atsimo-Atsinanana,Fianarantsoa
Ambalatany,Farafangana,Atsimo-Atsinanana,Fianarantsoa
Namohora Iaborano,Farafangana,Atsimo-Atsinanana,Fianarantsoa
Sahamadio,Farafangana,Atsimo-Atsinanana,Fianarantsoa
Fenoarivo,Farafangana,Atsimo-Atsinanana,Fianarantsoa
Antseranambe,Farafangana,Atsimo-Atsinanana,Fianarantsoa
Ihorombe,Farafangana,Atsimo-Atsinanana,Fianarantsoa
Ambalavato Antevato,Farafangana,Atsimo-Atsinanana,Fianarantsoa
Vohilengo,Farafangana,Atsimo-Atsinanana,Fianarantsoa
Marovandrika,Farafangana,Atsimo-Atsinanana,Fianarantsoa
Soamanova,Vangaindrano,Atsimo-Atsinanana,Fianarantsoa
Lopary,Vangaindrano,Atsimo-Atsinanana,Fianarantsoa
Bema,Vangaindrano,Atsimo-Atsinanana,Fianarantsoa
Vohitrambo,Vangaindrano,Atsimo-Atsinanana,Fianarantsoa
Anilobe,Vangaindrano,Atsimo-Atsinanana,Fianarantsoa
Vangaindrano,Vangaindrano,Atsimo-Atsinanana,Fianarantsoa
Ampasimalemy,Vangaindrano,Atsimo-Atsinanana,Fianarantsoa
Tsianofana,Vangaindrano,Atsimo-Atsinanana,Fianarantsoa
Bekaraoky,Vangaindrano,Atsimo-Atsinanana,Fianarantsoa
Tsiately,Vangaindrano,Atsimo-Atsinanana,Fianarantsoa
Lohafary,Vangaindrano,Atsimo-Atsinanana,Fianarantsoa
Ampataka,Vangaindrano,Atsimo-Atsinanana,Fianarantsoa
Matanga,Vangaindrano,Atsimo-Atsinanana,Fianarantsoa
Masianaka,Vangaindrano,Atsimo-Atsinanana,Fianarantsoa
Vohipaho,Vangaindrano,Atsimo-Atsinanana,Fianarantsoa
Bevata,Vangaindrano,Atsimo-Atsinanana,Fianarantsoa
Karimbary,Vangaindrano,Atsimo-Atsinanana,Fianarantsoa
Manambondro,Vangaindrano,Atsimo-Atsinanana,Fianarantsoa
Fenoambany,Vangaindrano,Atsimo-Atsinanana,Fianarantsoa
Isahara,Vangaindrano,Atsimo-Atsinanana,Fianarantsoa
Marokibo,Vangaindrano,Atsimo-Atsinanana,Fianarantsoa
Ranomena,Vangaindrano,Atsimo-Atsinanana,Fianarantsoa
Ambongo,Vangaindrano,Atsimo-Atsinanana,Fianarantsoa
Ambatolava,Vangaindrano,Atsimo-Atsinanana,Fianarantsoa
Iara,Vangaindrano,Atsimo-Atsinanana,Fianarantsoa
Vondrozo,Vondrozo,Atsimo-Atsinanana,Fianarantsoa
Manambidala,Vondrozo,Atsimo-Atsinanana,Fianarantsoa
Anandravy,Vondrozo,Atsimo-Atsinanana,Fianarantsoa
Mahatsinjo,Vondrozo,Atsimo-Atsinanana,Fianarantsoa
Mahazoarivo,Vondrozo,Atsimo-Atsinanana,Fianarantsoa
Iamonta,Vondrozo,Atsimo-Atsinanana,Fianarantsoa
Vohimary,Vondrozo,Atsimo-Atsinanana,Fianarantsoa
Antokonala,Vondrozo,Atsimo-Atsinanana,Fianarantsoa
Ambohimana,Vondrozo,Atsimo-Atsinanana,Fianarantsoa
Karianga,Vondrozo,Atsimo-Atsinanana,Fianarantsoa
Vohimalaza,Vangaindrano,Atsimo-Atsinanana,Fianarantsoa
Vatanato,Vangaindrano,Atsimo-Atsinanana,Fianarantsoa
Amparihy Est,Vangaindrano,Atsimo-Atsinanana,Fianarantsoa
Sandravinany,Vangaindrano,Atsimo-Atsinanana,Fianarantsoa
Nosifeno,Midongy-Atsimo,Atsimo-Atsinanana,Fianarantsoa
Ankazovelo,Midongy-Atsimo,Atsimo-Atsinanana,Fianarantsoa
Andranolalina,Midongy-Atsimo,Atsimo-Atsinanana,Fianarantsoa
Maliorano,Midongy-Atsimo,Atsimo-Atsinanana,Fianarantsoa
Ivondro,Midongy-Atsimo,Atsimo-Atsinanana,Fianarantsoa
Soakibany,Midongy-Atsimo,Atsimo-Atsinanana,Fianarantsoa
Ambodimanga,Toamasina I,Atsinanana,Toamasina
Anjoma,Toamasina I,Atsinanana,Toamasina
Morarano,Toamasina I,Atsinanana,Toamasina
Tanambao V,Toamasina I,Atsinanana,Toamasina
Ankirihiry,Toamasina I,Atsinanana,Toamasina
Manato,Vondrozo,Atsimo-Atsinanana,Fianarantsoa
Ivato,Vondrozo,Atsimo-Atsinanana,Fianarantsoa
Mahavelo,Vondrozo,Atsimo-Atsinanana,Fianarantsoa
Andakana,Vondrozo,Atsimo-Atsinanana,Fianarantsoa
Moroteza,Vondrozo,Atsimo-Atsinanana,Fianarantsoa
Brickaville,Brickaville,Atsinanana,Toamasina
Vohitranivona,Brickaville,Atsinanana,Toamasina
Anivorano Est,Brickaville,Atsinanana,Toamasina
Mahatsara,Brickaville,Atsinanana,Toamasina
Andovoranto,Brickaville,Atsinanana,Toamasina
Vohiboreka,Vondrozo,Atsimo-Atsinanana,Fianarantsoa
Befotaka Sud,Befotaka,Atsimo-Atsinanana,Fianarantsoa
Ranotsara Sud,Befotaka,Atsimo-Atsinanana,Fianarantsoa
Beharena,Befotaka,Atsimo-Atsinanana,Fianarantsoa
Bekofafa Sud,Befotaka,Atsimo-Atsinanana,Fianarantsoa
Ambinaninony,Brickaville,Atsinanana,Toamasina
Fetraomby,Brickaville,Atsinanana,Toamasina
Vohipeno Razanaka,Brickaville,Atsinanana,Toamasina
Ranomafana Est,Brickaville,Atsinanana,Toamasina
Ampasimbe,Brickaville,Atsinanana,Toamasina
Tanambao Vahatrakaka,Vatomandry,Atsinanana,Toamasina
Tsarasambo,Vatomandry,Atsinanana,Toamasina
Sahamatevina,Vatomandry,Atsinanana,Toamasina
Antanambao Mahatsara,Vatomandry,Atsinanana,Toamasina
Iamborano,Vatomandry,Atsinanana,Toamasina
Ambohimanana,Brickaville,Atsinanana,Toamasina
Anjahamana,Brickaville,Atsinanana,Toamasina
Vatomandry,Vatomandry,Atsinanana,Toamasina
Ambodivoananto,Vatomandry,Atsinanana,Toamasina
Maintinandry,Vatomandry,Atsinanana,Toamasina
Tsivangiana,Vatomandry,Atsinanana,Toamasina
Ampasimazava,Vatomandry,Atsinanana,Toamasina
Ampasimadinika,Vatomandry,Atsinanana,Toamasina
Ifasina I,Vatomandry,Atsinanana,Toamasina
Ambalabe,Vatomandry,Atsinanana,Toamasina
Ambalavolo,Vatomandry,Atsinanana,Toamasina
Amboditavolo,Vatomandry,Atsinanana,Toamasina
Niherenana,Vatomandry,Atsinanana,Toamasina
Ilaka Est,Vatomandry,Atsinanana,Toamasina
Niarovana Caroline,Vatomandry,Atsinanana,Toamasina
Fanasana,Brickaville,Atsinanana,Toamasina
Ambalarondra,Brickaville,Atsinanana,Toamasina
Maroseranana,Brickaville,Atsinanana,Toamasina
Lohariandava,Brickaville,Atsinanana,Toamasina
Andekaleka,Brickaville,Atsinanana,Toamasina
Ifasina II,Vatomandry,Atsinanana,Toamasina
Mahanoro,Mahanoro,Atsinanana,Toamasina
Betsizaraina,Mahanoro,Atsinanana,Toamasina
Tsaravinany,Mahanoro,Atsinanana,Toamasina
Ambodiharina,Mahanoro,Atsinanana,Toamasina
Manjakandriana,Mahanoro,Atsinanana,Toamasina
Masomeloka,Mahanoro,Atsinanana,Toamasina
Ambinanidilana,Mahanoro,Atsinanana,Toamasina
Ambodibonara,Mahanoro,Atsinanana,Toamasina
Ankazotsifantatra,Mahanoro,Atsinanana,Toamasina
Ambinanindrano,Mahanoro,Atsinanana,Toamasina
Befotaka,Mahanoro,Atsinanana,Toamasina
Marolambo,Marolambo,Atsinanana,Toamasina
Betampona,Marolambo,Atsinanana,Toamasina
Tanambao Rabemanana,Marolambo,Atsinanana,Toamasina
Androrangavola,Marolambo,Atsinanana,Toamasina
Anosiarivo I,Marolambo,Atsinanana,Toamasina
Amboasary,Marolambo,Atsinanana,Toamasina
Lohavanana,Marolambo,Atsinanana,Toamasina
Ambodinonoka,Marolambo,Atsinanana,Toamasina
Sahakevo,Marolambo,Atsinanana,Toamasina
Toamasina Suburbaine,Toamasina II,Atsinanana,Toamasina
Antetezambaro,Toamasina II,Atsinanana,Toamasina
Fanandrana,Toamasina II,Atsinanana,Toamasina
Ambodiriana,Toamasina II,Atsinanana,Toamasina
Ampasimadinika Manambolo,Toamasina II,Atsinanana,Toamasina
Amboditandroroho,Toamasina II,Atsinanana,Toamasina
Mahavelona (Foulpointe),Toamasina II,Atsinanana,Toamasina
Sahambala,Toamasina II,Atsinanana,Toamasina
Ambodilazana,Toamasina II,Atsinanana,Toamasina
Andonabe Sud,Marolambo,Atsinanana,Toamasina
Ambalapaiso II,Marolambo,Atsinanana,Toamasina
Ambodivoangy,Marolambo,Atsinanana,Toamasina
Ambohimilanja,Marolambo,Atsinanana,Toamasina
Ambatofisaka II,Marolambo,Atsinanana,Toamasina
Ampasimbe Onibe,Toamasina II,Atsinanana,Toamasina
Mangabe,Toamasina II,Atsinanana,Toamasina
Amporoforo,Toamasina II,Atsinanana,Toamasina
Antenina,Toamasina II,Atsinanana,Toamasina
Andondabe,Toamasina II,Atsinanana,Toamasina
Saivaza,Antanambao Manampontsy,Atsinanana,Toamasina
Antanandehibe,Antanambao Manampontsy,Atsinanana,Toamasina
Manakana,Antanambao Manampontsy,Atsinanana,Toamasina
Sainte Marie,Sainte Marie,Analanjirofo,Toamasina
Maroantsetra,Maroantsetra,Ambatosoa,Toamasina
Ampisokina,Toamasina II,Atsinanana,Toamasina
Andranobolaha,Toamasina II,Atsinanana,Toamasina
Fito,Toamasina II,Atsinanana,Toamasina
Antanambao Manampontsy,Antanambao Manampontsy,Atsinanana,Toamasina
Mahela,Antanambao Manampontsy,Atsinanana,Toamasina
Anjanazana,Maroantsetra,Ambatosoa,Toamasina
Manambolo,Maroantsetra,Ambatosoa,Toamasina
Andranofotsy,Maroantsetra,Ambatosoa,Toamasina
Antakotako,Maroantsetra,Ambatosoa,Toamasina
Ankofa,Maroantsetra,Ambatosoa,Toamasina
Ankofabe,Maroantsetra,Ambatosoa,Toamasina
Antsirabe Sahatany,Maroantsetra,Ambatosoa,Toamasina
Rantabe,Maroantsetra,Ambatosoa,Toamasina
Morafeno,Maroantsetra,Ambatosoa,Toamasina
Androndrono,Maroantsetra,Ambatosoa,Toamasina
Ambodimanga Rantabe,Maroantsetra,Ambatosoa,Toamasina
Anandrivola,Maroantsetra,Ambatosoa,Toamasina
Mananara Avaratra,Mananara-Avaratra,Ambatosoa,Toamasina
Ambodivoanio,Mananara-Avaratra,Ambatosoa,Toamasina
Imorona,Mananara-Avaratra,Ambatosoa,Toamasina
Antanambaobe,Mananara-Avaratra,Ambatosoa,Toamasina
Antanananivo,Mananara-Avaratra,Ambatosoa,Toamasina
Manambolosy,Mananara-Avaratra,Ambatosoa,Toamasina
Ambodiampana,Mananara-Avaratra,Ambatosoa,Toamasina
Sandrakatsy,Mananara-Avaratra,Ambatosoa,Toamasina
Tanibe,Mananara-Avaratra,Ambatosoa,Toamasina
Ambatoharanana,Mananara-Avaratra,Ambatosoa,Toamasina
Fotsialanana,Soanierana Ivongo,Analanjirofo,Toamasina
Antanifotsy,Soanierana Ivongo,Analanjirofo,Toamasina
Ambodiampana,Soanierana Ivongo,Analanjirofo,Toamasina
Ambinanitelo,Maroantsetra,Ambatosoa,Toamasina
Anjahana,Maroantsetra,Ambatosoa,Toamasina
Ambanizana,Maroantsetra,Ambatosoa,Toamasina
Mahalevona,Maroantsetra,Ambatosoa,Toamasina
Voloina,Maroantsetra,Ambatosoa,Toamasina
Andranofasika,Ambato Boeni,Boeny,Mahajanga
Madirovalo,Ambato Boeni,Boeny,Mahajanga
Anjiajia,Ambato Boeni,Boeny,Mahajanga
Andranomeva,Port-Berge (Boriziny-Vaovao),Sofia,Mahajanga
Amparihy,Port-Berge (Boriziny-Vaovao),Sofia,Mahajanga
Leanja,Port-Berge (Boriziny-Vaovao),Sofia,Mahajanga
Marovato,Port-Berge (Boriziny-Vaovao),Sofia,Mahajanga
Ambodimahabibo,Port-Berge (Boriziny-Vaovao),Sofia,Mahajanga
Ambodivongo,Port-Berge (Boriziny-Vaovao),Sofia,Mahajanga
Besalampy,Besalampy,Melaky,Mahajanga
Vanono,Mananara-Avaratra,Ambatosoa,Toamasina
Andasibe I,Mananara-Avaratra,Ambatosoa,Toamasina
Fenerive Est,Fenerive Est,Analanjirofo,Toamasina
Ambodimanga II,Fenerive Est,Analanjirofo,Toamasina
Mahambo,Fenerive Est,Analanjirofo,Toamasina
Ampako,Besalampy,Melaky,Mahajanga
Marovoay Sud,Besalampy,Melaky,Mahajanga
Mandronarivo,Beroroha,Atsimo-Andrefana,Toliara
Tanamary,Beroroha,Atsimo-Andrefana,Toliara
Sakena,Beroroha,Atsimo-Andrefana,Toliara
Miorimivalana,Fenerive Est,Analanjirofo,Toamasina
Vohipeno,Fenerive Est,Analanjirofo,Toamasina
Antsiatsiaka,Fenerive Est,Analanjirofo,Toamasina
Mahanoro,Fenerive Est,Analanjirofo,Toamasina
Vavatenina,Vavatenina,Analanjirofo,Toamasina
Antanimieva,Morombe,Atsimo-Andrefana,Toliara
Basibasy,Morombe,Atsimo-Andrefana,Toliara
Ankazoabo Sud,Ankazoabo,Atsimo-Andrefana,Toliara
Antanambe,Mananara-Avaratra,Ambatosoa,Toamasina
Saromaona,Mananara-Avaratra,Ambatosoa,Toamasina
Maromitety,Vavatenina,Analanjirofo,Toamasina
Ambohibe,Vavatenina,Analanjirofo,Toamasina
Ampasimazava,Vavatenina,Analanjirofo,Toamasina
Anjahambe,Vavatenina,Analanjirofo,Toamasina
Ambatoharanana,Vavatenina,Analanjirofo,Toamasina
Andasibe,Vavatenina,Analanjirofo,Toamasina
Miarinarivo,Vavatenina,Analanjirofo,Toamasina
Sahatavy,Vavatenina,Analanjirofo,Toamasina
Ambodimangavalo,Vavatenina,Analanjirofo,Toamasina
Soanierana Ivongo,Soanierana Ivongo,Analanjirofo,Toamasina
Bedidy,Amparafaravola,Alaotra-Mangoro,Toamasina
Ambohimandroso,Amparafaravola,Alaotra-Mangoro,Toamasina
Sahamamy,Amparafaravola,Alaotra-Mangoro,Toamasina
Ambatomainty,Amparafaravola,Alaotra-Mangoro,Toamasina
Ampasikely,Amparafaravola,Alaotra-Mangoro,Toamasina
Ampasina Maningory,Fenerive Est,Analanjirofo,Toamasina
Ambatoharanana,Fenerive Est,Analanjirofo,Toamasina
Vohilengo,Fenerive Est,Analanjirofo,Toamasina
Saranambana,Fenerive Est,Analanjirofo,Toamasina
Ampasimbe Manantsatrana,Fenerive Est,Analanjirofo,Toamasina
Andapafito,Soanierana Ivongo,Analanjirofo,Toamasina
Ambahoabe,Soanierana Ivongo,Analanjirofo,Toamasina
Manompana,Soanierana Ivongo,Analanjirofo,Toamasina
Antenina,Soanierana Ivongo,Analanjirofo,Toamasina
Amparafaravola,Amparafaravola,Alaotra-Mangoro,Toamasina
Andrebakely Sud,Amparafaravola,Alaotra-Mangoro,Toamasina
Ambohitrarivo,Amparafaravola,Alaotra-Mangoro,Toamasina
Anororo,Amparafaravola,Alaotra-Mangoro,Toamasina
Morarano Chrome,Amparafaravola,Alaotra-Mangoro,Toamasina
Ranomainty,Amparafaravola,Alaotra-Mangoro,Toamasina
Feramanga Nord,Ambatondrazaka,Alaotra-Mangoro,Toamasina
Ambatondrazaka Suburbaine,Ambatondrazaka,Alaotra-Mangoro,Toamasina
Ambandrika,Ambatondrazaka,Alaotra-Mangoro,Toamasina
Ampitatsimo,Ambatondrazaka,Alaotra-Mangoro,Toamasina
Ambohitsilaozana,Ambatondrazaka,Alaotra-Mangoro,Toamasina
Andilana Nord,Amparafaravola,Alaotra-Mangoro,Toamasina
Ambodimanga,Amparafaravola,Alaotra-Mangoro,Toamasina
Vohimena,Amparafaravola,Alaotra-Mangoro,Toamasina
Andrebakely Nord,Amparafaravola,Alaotra-Mangoro,Toamasina
Ambatondrazaka,Ambatondrazaka,Alaotra-Mangoro,Toamasina
Ambohijanahary,Amparafaravola,Alaotra-Mangoro,Toamasina
Tanambe,Amparafaravola,Alaotra-Mangoro,Toamasina
Beanana,Amparafaravola,Alaotra-Mangoro,Toamasina
Vohitsara,Amparafaravola,Alaotra-Mangoro,Toamasina
Amboavory,Amparafaravola,Alaotra-Mangoro,Toamasina
Ilafy,Ambatondrazaka,Alaotra-Mangoro,Toamasina
Manakambahiny Andrefana,Ambatondrazaka,Alaotra-Mangoro,Toamasina
Antsangasanga,Ambatondrazaka,Alaotra-Mangoro,Toamasina
Ambatosoratra,Ambatondrazaka,Alaotra-Mangoro,Toamasina
Andilanatoby,Ambatondrazaka,Alaotra-Mangoro,Toamasina
Andromba,Ambatondrazaka,Alaotra-Mangoro,Toamasina
Manakambahiny Antsinanana,Ambatondrazaka,Alaotra-Mangoro,Toamasina
Soalazaina,Ambatondrazaka,Alaotra-Mangoro,Toamasina
Tanambao Besakay,Ambatondrazaka,Alaotra-Mangoro,Toamasina
Moramanga,Moramanga,Alaotra-Mangoro,Toamasina
Ambohibary,Moramanga,Alaotra-Mangoro,Toamasina
Ampasimpotsy Gara,Moramanga,Alaotra-Mangoro,Toamasina
Andasibe,Moramanga,Alaotra-Mangoro,Toamasina
Anosibe Ifody,Moramanga,Alaotra-Mangoro,Toamasina
Vodiriana,Moramanga,Alaotra-Mangoro,Toamasina
Morarano Gara,Moramanga,Alaotra-Mangoro,Toamasina
Belavabary,Moramanga,Alaotra-Mangoro,Toamasina
Sabotsy Anjiro,Moramanga,Alaotra-Mangoro,Toamasina
Ambohidronono,Moramanga,Alaotra-Mangoro,Toamasina
Beforona,Moramanga,Alaotra-Mangoro,Toamasina
Bejofo,Ambatondrazaka,Alaotra-Mangoro,Toamasina
Didy,Ambatondrazaka,Alaotra-Mangoro,Toamasina
Imerimandroso,Ambatondrazaka,Alaotra-Mangoro,Toamasina
Amparihintsokatra,Ambatondrazaka,Alaotra-Mangoro,Toamasina
Antanandava,Ambatondrazaka,Alaotra-Mangoro,Toamasina
Ambatovola,Moramanga,Alaotra-Mangoro,Toamasina
Lakato,Moramanga,Alaotra-Mangoro,Toamasina
Amboasary,Moramanga,Alaotra-Mangoro,Toamasina
Fierenana,Moramanga,Alaotra-Mangoro,Toamasina
Mandialaza,Moramanga,Alaotra-Mangoro,Toamasina
Antaniditra,Moramanga,Alaotra-Mangoro,Toamasina
Ampasipotsy Mandialaza,Moramanga,Alaotra-Mangoro,Toamasina
Antanandava,Moramanga,Alaotra-Mangoro,Toamasina
Mangarivotra,Moramanga,Alaotra-Mangoro,Toamasina
Andaingo,Moramanga,Alaotra-Mangoro,Toamasina
Andilamena,Andilamena,Alaotra-Mangoro,Toamasina
Bemaitso,Andilamena,Alaotra-Mangoro,Toamasina
Antanimenabaka,Andilamena,Alaotra-Mangoro,Toamasina
Tanananifololahy,Andilamena,Alaotra-Mangoro,Toamasina
Maroadabo,Andilamena,Alaotra-Mangoro,Toamasina
Marovato,Andilamena,Alaotra-Mangoro,Toamasina
Miarinarivo,Andilamena,Alaotra-Mangoro,Toamasina
Maitsokely,Andilamena,Alaotra-Mangoro,Toamasina
Anosibe An'ala,Anosibe-An'ala,Alaotra-Mangoro,Toamasina
Ampasimaneva,Anosibe-An'ala,Alaotra-Mangoro,Toamasina
Tsaravinany,Anosibe-An'ala,Alaotra-Mangoro,Toamasina
Longozabe,Anosibe-An'ala,Alaotra-Mangoro,Toamasina
Ambatoharanana,Anosibe-An'ala,Alaotra-Mangoro,Toamasina
Mahajanga,Mahajanga I,Boeny,Mahajanga
Mahabibo,Mahajanga I,Boeny,Mahajanga
Ampandroantraka,Anosibe-An'ala,Alaotra-Mangoro,Toamasina
Tratramarina,Anosibe-An'ala,Alaotra-Mangoro,Toamasina
Antandrokomby,Anosibe-An'ala,Alaotra-Mangoro,Toamasina
Ambalaomby,Anosibe-An'ala,Alaotra-Mangoro,Toamasina
Niarovana Marosampanana,Anosibe-An'ala,Alaotra-Mangoro,Toamasina
Ambolomoty,Marovoay,Boeny,Mahajanga
Marovoay,Marovoay,Boeny,Mahajanga
Tsararano,Marovoay,Boeny,Mahajanga
Ankazomborona,Marovoay,Boeny,Mahajanga
Manaratsandry,Marovoay,Boeny,Mahajanga
Soalala,Soalala,Boeny,Mahajanga
Ambohipaky,Soalala,Boeny,Mahajanga
Andranomavo,Soalala,Boeny,Mahajanga
Ambato Ambarimay,Ambato Boeni,Boeny,Mahajanga
Ankijabe,Ambato Boeni,Boeny,Mahajanga
Tsaramandroso,Ambato Boeni,Boeny,Mahajanga
Ambondromamy,Ambato Boeni,Boeny,Mahajanga
Ankirihitra,Ambato Boeni,Boeny,Mahajanga
Andranomamy,Ambato Boeni,Boeny,Mahajanga
Manerinerina,Ambato Boeni,Boeny,Mahajanga
Antanimasaka,Marovoay,Boeny,Mahajanga
Bemaharivo,Marovoay,Boeny,Mahajanga
Ankaraobato,Marovoay,Boeny,Mahajanga
Mitsinjo,Mitsinjo,Boeny,Mahajanga
Antseza,Mitsinjo,Boeny,Mahajanga
Antongomena Bevary,Mitsinjo,Boeny,Mahajanga
Matsakabanja,Mitsinjo,Boeny,Mahajanga
Katsepy,Mitsinjo,Boeny,Mahajanga
Bekipay,Mitsinjo,Boeny,Mahajanga
Ambarimaninga,Mitsinjo,Boeny,Mahajanga
Bekobay,Mahajanga II,Boeny,Mahajanga
Andranoboka,Mahajanga II,Boeny,Mahajanga
Mahajamba Usine,Mahajanga II,Boeny,Mahajanga
Ambalabe Befanjava,Mahajanga II,Boeny,Mahajanga
Port Berge,Port-Berge (Boriziny-Vaovao),Sofia,Mahajanga
Belobaka,Mahajanga II,Boeny,Mahajanga
Boanamary,Mahajanga II,Boeny,Mahajanga
Ambalakida,Mahajanga II,Boeny,Mahajanga
Betsako,Mahajanga II,Boeny,Mahajanga
Mariarano,Mahajanga II,Boeny,Mahajanga
Ambanjabe,Port-Berge (Boriziny-Vaovao),Sofia,Mahajanga
Tsaratanana I,Port-Berge (Boriziny-Vaovao),Sofia,Mahajanga
Tsarahasina,Port-Berge (Boriziny-Vaovao),Sofia,Mahajanga
Tsiningia,Port-Berge (Boriziny-Vaovao),Sofia,Mahajanga
Ambodisakoana,Port-Berge (Boriziny-Vaovao),Sofia,Mahajanga
Tsinjomitondraka,Port-Berge (Boriziny-Vaovao),Sofia,Mahajanga
Maevaranohely,Port-Berge (Boriziny-Vaovao),Sofia,Mahajanga
Port Berge II,Port-Berge (Boriziny-Vaovao),Sofia,Mahajanga
Mandritsara,Mandritsara,Sofia,Mahajanga
Antanandava,Mandritsara,Sofia,Mahajanga
Amboaboa,Mandritsara,Sofia,Mahajanga
Manampaneva,Mandritsara,Sofia,Mahajanga
Ambarikorano,Mandritsara,Sofia,Mahajanga
Andratamarina,Mandritsara,Sofia,Mahajanga
Ambaripaika,Mandritsara,Sofia,Mahajanga
Sitampiky,Ambato Boeni,Boeny,Mahajanga
Marovoay Ville,Marovoay,Boeny,Mahajanga
Marovoay Banlieue,Marovoay,Boeny,Mahajanga
Antanambao Andranolava,Marovoay,Boeny,Mahajanga
Anosinalainolona,Marovoay,Boeny,Mahajanga
Antsoha,Mandritsara,Sofia,Mahajanga
Tsaratanana,Mandritsara,Sofia,Mahajanga
Kalandy,Mandritsara,Sofia,Mahajanga
Antsirabe Centre,Mandritsara,Sofia,Mahajanga
Antsiatsiaka,Mandritsara,Sofia,Mahajanga
Ambodiamontana Kianga,Mandritsara,Sofia,Mahajanga
Ambalakirajy,Mandritsara,Sofia,Mahajanga
Tsarajomoka,Mandritsara,Sofia,Mahajanga
Antsatramidola,Mandritsara,Sofia,Mahajanga
Ankiakabe-Fonoko,Mandritsara,Sofia,Mahajanga
Ambaliha,Analalava,Sofia,Mahajanga
Maromandia,Analalava,Sofia,Mahajanga
Marovatolena,Analalava,Sofia,Mahajanga
Andribavontsona,Analalava,Sofia,Mahajanga
Angoaka Sud,Analalava,Sofia,Mahajanga
Marovantaza,Analalava,Sofia,Mahajanga
Ankaramy,Analalava,Sofia,Mahajanga
Antonibe,Analalava,Sofia,Mahajanga
Mahadrodroka,Analalava,Sofia,Mahajanga
Befandriana Nord,Befandriana Nord,Sofia,Mahajanga
Morafeno,Befandriana Nord,Sofia,Mahajanga
Ambodimotso Sud,Befandriana Nord,Sofia,Mahajanga
Tsiamalao,Befandriana Nord,Sofia,Mahajanga
Maroamalona,Befandriana Nord,Sofia,Mahajanga
Tsarahonenana,Befandriana Nord,Sofia,Mahajanga
Antanambaon'amberina,Mandritsara,Sofia,Mahajanga
Analalava,Analalava,Sofia,Mahajanga
Ambarijeby Sud,Analalava,Sofia,Mahajanga
Ambolobozo,Analalava,Sofia,Mahajanga
Befotaka Nord,Analalava,Sofia,Mahajanga
Matsondakana,Befandriana Nord,Sofia,Mahajanga
Antsohihy,Antsohihy,Sofia,Mahajanga
Ankerika,Antsohihy,Sofia,Mahajanga
Ampandriankilandy,Antsohihy,Sofia,Mahajanga
Anjalazala,Antsohihy,Sofia,Mahajanga
Ampatakamaroreny,Mandritsara,Sofia,Mahajanga
Ankiabe-Salohy,Mandritsara,Sofia,Mahajanga
Pont Sofia,Mandritsara,Sofia,Mahajanga
Ambodiadabo,Mandritsara,Sofia,Mahajanga
Amborondolo,Mandritsara,Sofia,Mahajanga
Antsakanalabe,Befandriana Nord,Sofia,Mahajanga
Ambararata,Befandriana Nord,Sofia,Mahajanga
Ambolidibe Est,Befandriana Nord,Sofia,Mahajanga
Ankarongana,Befandriana Nord,Sofia,Mahajanga
Antsakabary,Befandriana Nord,Sofia,Mahajanga
Anahidrano,Antsohihy,Sofia,Mahajanga
Ambodimandresy,Antsohihy,Sofia,Mahajanga
Anjiamangirana,Antsohihy,Sofia,Mahajanga
Ambodimanary,Antsohihy,Sofia,Mahajanga
Antsahabe,Antsohihy,Sofia,Mahajanga
Ambodimadiro,Antsohihy,Sofia,Mahajanga
Andreba,Antsohihy,Sofia,Mahajanga
Maroala,Antsohihy,Sofia,Mahajanga
Bealanana,Bealanana,Sofia,Mahajanga
Beandrarezona,Bealanana,Sofia,Mahajanga
Antananivo Haut,Bealanana,Sofia,Mahajanga
Antsamaka,Bealanana,Sofia,Mahajanga
Ambatosia,Bealanana,Sofia,Mahajanga
Ambodiampana,Bealanana,Sofia,Mahajanga
Ambatoriha Est,Bealanana,Sofia,Mahajanga
Ambovonomby,Bealanana,Sofia,Mahajanga
Analila,Bealanana,Sofia,Mahajanga
Anjozoromadosy,Bealanana,Sofia,Mahajanga
Mangindrano,Bealanana,Sofia,Mahajanga
Ambararatabe Nord,Bealanana,Sofia,Mahajanga
Ambodisikidy,Bealanana,Sofia,Mahajanga
Ambararata Sofia,Bealanana,Sofia,Mahajanga
Marotolana,Bealanana,Sofia,Mahajanga
Ambodiadabo M,Bealanana,Sofia,Mahajanga
Ankazotokana,Bealanana,Sofia,Mahajanga
Ambalaromba,Bealanana,Sofia,Mahajanga
Mampikony I,Mampikony,Sofia,Mahajanga
Mampikony II,Mampikony,Sofia,Mahajanga
Ambohitoaka,Mampikony,Sofia,Mahajanga
Ankiririky,Mampikony,Sofia,Mahajanga
Bekoratsaka,Mampikony,Sofia,Mahajanga
Malakialina,Mampikony,Sofia,Mahajanga
Betaramahamay,Mampikony,Sofia,Mahajanga
Komajia,Mampikony,Sofia,Mahajanga
Ampasimatera,Mampikony,Sofia,Mahajanga
Ambodihazoambo,Mampikony,Sofia,Mahajanga
Maevatanana I,Maevatanana,Betsiboka,Mahajanga
Maevatanana II,Maevatanana,Betsiboka,Mahajanga
Beratsimanina,Maevatanana,Betsiboka,Mahajanga
Bemokotra,Maevatanana,Betsiboka,Mahajanga
Mahazoma,Maevatanana,Betsiboka,Mahajanga
Antsiafabositra,Maevatanana,Betsiboka,Mahajanga
Antanimbary,Maevatanana,Betsiboka,Mahajanga
Tsararano,Maevatanana,Betsiboka,Mahajanga
Ambalajia,Maevatanana,Betsiboka,Mahajanga
Morafeno,Maevatanana,Betsiboka,Mahajanga
Mangabe,Maevatanana,Betsiboka,Mahajanga
Madiromirafy,Maevatanana,Betsiboka,Mahajanga
Tsaratanana,Tsaratanana,Betsiboka,Mahajanga
Bekapaika,Tsaratanana,Betsiboka,Mahajanga
Marotandrano,Mandritsara,Sofia,Mahajanga
Ambalanjanakomby,Maevatanana,Betsiboka,Mahajanga
Ambilombe,Mandritsara,Sofia,Mahajanga
Marokoro,Maevatanana,Betsiboka,Mahajanga
Andohajango,Mandritsara,Sofia,Mahajanga
Maria,Maevatanana,Betsiboka,Mahajanga
Anjiabe,Mandritsara,Sofia,Mahajanga
Andriba,Maevatanana,Betsiboka,Mahajanga
Ambohisoa,Mandritsara,Sofia,Mahajanga
Mahatsinjo,Maevatanana,Betsiboka,Mahajanga
Tsararova,Tsaratanana,Betsiboka,Mahajanga
Betrandraka,Tsaratanana,Betsiboka,Mahajanga
Keliloha,Tsaratanana,Betsiboka,Mahajanga
Sarobaratra,Tsaratanana,Betsiboka,Mahajanga
Ampandrana,Tsaratanana,Betsiboka,Mahajanga
Andriamena,Tsaratanana,Betsiboka,Mahajanga
Ambakireny,Tsaratanana,Betsiboka,Mahajanga
Brieville,Tsaratanana,Betsiboka,Mahajanga
Sakoamadinika,Tsaratanana,Betsiboka,Mahajanga
Manakana,Tsaratanana,Betsiboka,Mahajanga
Andasibe,Kandreho,Betsiboka,Mahajanga
Soanenga,Besalampy,Melaky,Mahajanga
Bekodoka,Besalampy,Melaky,Mahajanga
Ambolodia Sud,Besalampy,Melaky,Mahajanga
Ankasakasa Tsibiray,Besalampy,Melaky,Mahajanga
Antsalova,Antsalova,Melaky,Mahajanga
Soahany,Antsalova,Melaky,Mahajanga
Masoarivo,Antsalova,Melaky,Mahajanga
Trangahy,Antsalova,Melaky,Mahajanga
Bekopaka,Antsalova,Melaky,Mahajanga
Maintirano,Maintirano,Melaky,Mahajanga
Mafaijijo,Maintirano,Melaky,Mahajanga
Andabotoka,Maintirano,Melaky,Mahajanga
Betanatanana,Maintirano,Melaky,Mahajanga
Andrea,Maintirano,Melaky,Mahajanga
Ankisatra,Maintirano,Melaky,Mahajanga
Marohazo,Maintirano,Melaky,Mahajanga
Antsondrodava,Maintirano,Melaky,Mahajanga
Belitsaky,Maintirano,Melaky,Mahajanga
Tambohorano,Maintirano,Melaky,Mahajanga
Veromanga,Maintirano,Melaky,Mahajanga
Maromavo,Maintirano,Melaky,Mahajanga
Andranovao,Maintirano,Melaky,Mahajanga
Antsaidoha Bebao,Maintirano,Melaky,Mahajanga
Berevo/ranobe,Maintirano,Melaky,Mahajanga
Tanambao I,Toliary-I,Atsimo-Andrefana,Toliara
Tanambao II Tsf Nord,Toliary-I,Atsimo-Andrefana,Toliara
Mahavatse I,Toliary-I,Atsimo-Andrefana,Toliara
Mahavatse II,Toliary-I,Atsimo-Andrefana,Toliara
Betania,Toliary-I,Atsimo-Andrefana,Toliara
Kandreho,Kandreho,Betsiboka,Mahajanga
Ambaliha,Kandreho,Betsiboka,Mahajanga
Behazomaty,Kandreho,Betsiboka,Mahajanga
Antanimbaribe,Kandreho,Betsiboka,Mahajanga
Betaimboay,Kandreho,Betsiboka,Mahajanga
Bebaboky Sud,Maintirano,Melaky,Mahajanga
Bemokotra Sud,Maintirano,Melaky,Mahajanga
Morafenobe,Morafenobe,Melaky,Mahajanga
Andramy,Morafenobe,Melaky,Mahajanga
Beravina,Morafenobe,Melaky,Mahajanga
Mahabe,Besalampy,Melaky,Mahajanga
Ambatomainty,Ambatomainty,Melaky,Mahajanga
Bemarivo,Ambatomainty,Melaky,Mahajanga
Sarodrano,Ambatomainty,Melaky,Mahajanga
Marotsialeha,Ambatomainty,Melaky,Mahajanga
Besakoa,Toliary-I,Atsimo-Andrefana,Toliara
Beroroha,Beroroha,Atsimo-Andrefana,Toliara
Bemavo,Beroroha,Atsimo-Andrefana,Toliara
Fanjakana,Beroroha,Atsimo-Andrefana,Toliara
Behisatsy,Beroroha,Atsimo-Andrefana,Toliara
Ankazomanga Ouest,Betioky Atsimo,Atsimo-Andrefana,Toliara
Maroarivo Ankazomanga,Betioky Atsimo,Atsimo-Andrefana,Toliara
Beantake,Betioky Atsimo,Atsimo-Andrefana,Toliara
Masiaboay,Betioky Atsimo,Atsimo-Andrefana,Toliara
Antohabato,Betioky Atsimo,Atsimo-Andrefana,Toliara
Marerano,Beroroha,Atsimo-Andrefana,Toliara
Cu Morombe,Morombe,Atsimo-Andrefana,Toliara
Befandefa,Morombe,Atsimo-Andrefana,Toliara
Ambahikily,Morombe,Atsimo-Andrefana,Toliara
Antongo Vaovao,Morombe,Atsimo-Andrefana,Toliara
Berenty,Ankazoabo,Atsimo-Andrefana,Toliara
Ilemby,Ankazoabo,Atsimo-Andrefana,Toliara
Betioky Atsimo,Betioky Atsimo,Atsimo-Andrefana,Toliara
Sakamasay,Betioky Atsimo,Atsimo-Andrefana,Toliara
Ambatry Mitsinjo,Betioky Atsimo,Atsimo-Andrefana,Toliara
Tameantsoa,Betioky Atsimo,Atsimo-Andrefana,Toliara
Tongobory,Betioky Atsimo,Atsimo-Andrefana,Toliara
Besely,Betioky Atsimo,Atsimo-Andrefana,Toliara
Vatolatsaka,Betioky Atsimo,Atsimo-Andrefana,Toliara
Ankazombalala,Betioky Atsimo,Atsimo-Andrefana,Toliara
Marosavoa,Betioky Atsimo,Atsimo-Andrefana,Toliara
Salobe,Betioky Atsimo,Atsimo-Andrefana,Toliara
Tanambao Haut,Betioky Atsimo,Atsimo-Andrefana,Toliara
Belamoty,Betioky Atsimo,Atsimo-Andrefana,Toliara
Antsavoa,Betioky Atsimo,Atsimo-Andrefana,Toliara
Ankilizato,Ampanihy Ouest,Atsimo-Andrefana,Toliara
Ankilivalo,Betioky Atsimo,Atsimo-Andrefana,Toliara
Soamanonga,Betioky Atsimo,Atsimo-Andrefana,Toliara
Fenoandala,Betioky Atsimo,Atsimo-Andrefana,Toliara
Soaserana,Betioky Atsimo,Atsimo-Andrefana,Toliara
Bezaha,Betioky Atsimo,Atsimo-Andrefana,Toliara
Manalobe,Betioky Atsimo,Atsimo-Andrefana,Toliara
Andranomangatsiaka,Betioky Atsimo,Atsimo-Andrefana,Toliara
Ankiliabo,Ampanihy Ouest,Atsimo-Andrefana,Toliara
Amborompotsy,Ampanihy Ouest,Atsimo-Andrefana,Toliara
Montifeno,Betioky Atsimo,Atsimo-Andrefana,Toliara
Lazarivo,Betioky Atsimo,Atsimo-Andrefana,Toliara
Ampanihy Ouest,Ampanihy Ouest,Atsimo-Andrefana,Toliara
Maniry,Ampanihy Ouest,Atsimo-Andrefana,Toliara
Antaly,Ampanihy Ouest,Atsimo-Andrefana,Toliara
Ankilimivory,Ampanihy Ouest,Atsimo-Andrefana,Toliara
Ejeda,Ampanihy Ouest,Atsimo-Andrefana,Toliara
Belafike Haut,Ampanihy Ouest,Atsimo-Andrefana,Toliara
Beahitse,Ampanihy Ouest,Atsimo-Andrefana,Toliara
Gogogogo,Ampanihy Ouest,Atsimo-Andrefana,Toliara
Androka,Ampanihy Ouest,Atsimo-Andrefana,Toliara
Vohitany,Ampanihy Ouest,Atsimo-Andrefana,Toliara
Beroy Atsimo,Ampanihy Ouest,Atsimo-Andrefana,Toliara
Fotadrevo,Ampanihy Ouest,Atsimo-Andrefana,Toliara
Itampolo,Ampanihy Ouest,Atsimo-Andrefana,Toliara
Sakaraha,Sakaraha,Atsimo-Andrefana,Toliara
Miary Taheza,Sakaraha,Atsimo-Andrefana,Toliara
Miary Lamatihy,Sakaraha,Atsimo-Andrefana,Toliara
Mahaboboka,Sakaraha,Atsimo-Andrefana,Toliara
Amboronabo,Sakaraha,Atsimo-Andrefana,Toliara
Bereketa,Sakaraha,Atsimo-Andrefana,Toliara
Andamasiny Vineta,Sakaraha,Atsimo-Andrefana,Toliara
Mihavatsy,Sakaraha,Atsimo-Andrefana,Toliara
Andranolava,Sakaraha,Atsimo-Andrefana,Toliara
Ambinany,Sakaraha,Atsimo-Andrefana,Toliara
Mikoboka,Sakaraha,Atsimo-Andrefana,Toliara
Mitsinjo,Sakaraha,Atsimo-Andrefana,Toliara
Mitsinjo Betanimena,Toliary-II,Atsimo-Andrefana,Toliara
Belalanda,Toliary-II,Atsimo-Andrefana,Toliara
Betsinjaka,Toliary-II,Atsimo-Andrefana,Toliara
Nosy Ambositra,Morombe,Atsimo-Andrefana,Toliara
Befandriana Sud,Morombe,Atsimo-Andrefana,Toliara
Fotivolo,Ankazoabo,Atsimo-Andrefana,Toliara
Tandrano,Ankazoabo,Atsimo-Andrefana,Toliara
Andranomafana,Ankazoabo,Atsimo-Andrefana,Toliara
Saint Augustin,Toliary-II,Atsimo-Andrefana,Toliara
Anakao,Toliary-II,Atsimo-Andrefana,Toliara
Soalara Sud,Toliary-II,Atsimo-Andrefana,Toliara
Ambolofoty,Toliary-II,Atsimo-Andrefana,Toliara
Ankilimalinike,Toliary-II,Atsimo-Andrefana,Toliara
Miary Ambohibola,Toliary-II,Atsimo-Andrefana,Toliara
Behompy,Toliary-II,Atsimo-Andrefana,Toliara
Maromiandra,Toliary-II,Atsimo-Andrefana,Toliara
Ambohimahavelona,Toliary-II,Atsimo-Andrefana,Toliara
Andranohinaly,Toliary-II,Atsimo-Andrefana,Toliara
Antanimena Onilahy,Toliary-II,Atsimo-Andrefana,Toliara
Manorofify,Toliary-II,Atsimo-Andrefana,Toliara
Marofoty,Toliary-II,Atsimo-Andrefana,Toliara
Tsianisiha,Toliary-II,Atsimo-Andrefana,Toliara
Manombo Sud,Toliary-II,Atsimo-Andrefana,Toliara
Andranovory,Toliary-II,Atsimo-Andrefana,Toliara
Milenaka,Toliary-II,Atsimo-Andrefana,Toliara
Ankililoaka,Toliary-II,Atsimo-Andrefana,Toliara
Analamisampy,Toliary-II,Atsimo-Andrefana,Toliara
Beheloka,Toliary-II,Atsimo-Andrefana,Toliara
Tsihombe,Tsihombe,Androy,Toliara
Nikoly,Tsihombe,Androy,Toliara
Betanty (Faux Cap),Tsihombe,Androy,Toliara
Anjampaly,Tsihombe,Androy,Toliara
Marovato,Tsihombe,Androy,Toliara
Tranovaho,Beloha,Androy,Toliara
Kopoky,Beloha,Androy,Toliara
Antaritarika,Tsihombe,Androy,Toliara
Marolinta,Beloha,Androy,Toliara
Imongy,Tsihombe,Androy,Toliara
Tranoroa,Beloha,Androy,Toliara
Ambovombe,Ambovombe-Androy,Androy,Toliara
Behabobo,Beloha,Androy,Toliara
Tsimananada,Ambovombe-Androy,Androy,Toliara
Erada,Ambovombe-Androy,Androy,Toliara
Anjeky Ankilikira,Ambovombe-Androy,Androy,Toliara
Ambanisarika,Ambovombe-Androy,Androy,Toliara
Analamary,Ambovombe-Androy,Androy,Toliara
Ambohimalaza,Ambovombe-Androy,Androy,Toliara
Ambonaivo,Ambovombe-Androy,Androy,Toliara
Maroalomainty,Ambovombe-Androy,Androy,Toliara
Maroalopoty,Ambovombe-Androy,Androy,Toliara
Ambondro,Ambovombe-Androy,Androy,Toliara
Ambazoa,Ambovombe-Androy,Androy,Toliara
Sihanamaro,Ambovombe-Androy,Androy,Toliara
Benenitra,Benenitra,Atsimo-Andrefana,Toliara
Ianapera,Benenitra,Atsimo-Andrefana,Toliara
Ambalavato,Benenitra,Atsimo-Andrefana,Toliara
Ehara,Benenitra,Atsimo-Andrefana,Toliara
Beloha,Beloha,Androy,Toliara
Antsakoamaro,Bekily,Androy,Toliara
Ambatosola,Bekily,Androy,Toliara
Tsirandrany,Bekily,Androy,Toliara
Tsikolaky,Bekily,Androy,Toliara
Manakompy,Bekily,Androy,Toliara
Marovato Befeno,Ambovombe-Androy,Androy,Toliara
Antanimora Atsimo,Ambovombe-Androy,Androy,Toliara
Imanombo,Ambovombe-Androy,Androy,Toliara
Andalatanosy,Ambovombe-Androy,Androy,Toliara
Morafeno Bekily,Bekily,Androy,Toliara
Ampamata,Ambovombe-Androy,Androy,Toliara
Ankaranabo Nord,Bekily,Androy,Toliara
Jafaro,Ambovombe-Androy,Androy,Toliara
Besakoa,Bekily,Androy,Toliara
Anja Nord,Bekily,Androy,Toliara
Ambahita,Bekily,Androy,Toliara
Maroviro,Bekily,Androy,Toliara
Belindo Mahasoa,Bekily,Androy,Toliara
Beteza,Bekily,Androy,Toliara
Tanandava,Bekily,Androy,Toliara
Bekitro,Bekily,Androy,Toliara
Beraketa,Bekily,Androy,Toliara
Vohimanga,Bekily,Androy,Toliara
Bevitiky,Bekily,Androy,Toliara
Anivorano Mitsinjo,Bekily,Androy,Toliara
Fort-Dauphin,Taolagnaro,Anosy,Toliara
Ampasy Nahampoana,Taolagnaro,Anosy,Toliara
Mandromondromotra,Taolagnaro,Anosy,Toliara
Soanierana,Taolagnaro,Anosy,Toliara
Ifarantsa,Taolagnaro,Anosy,Toliara
Isaka-Ivondro,Taolagnaro,Anosy,Toliara
Mandiso,Taolagnaro,Anosy,Toliara
Manambaro,Taolagnaro,Anosy,Toliara
Sarisambo,Taolagnaro,Anosy,Toliara
Ankaramena,Taolagnaro,Anosy,Toliara
Ranopiso,Taolagnaro,Anosy,Toliara
Ambatoabo,Taolagnaro,Anosy,Toliara
Ankariera,Taolagnaro,Anosy,Toliara
Analapatsy,Taolagnaro,Anosy,Toliara
Andranobory,Taolagnaro,Anosy,Toliara
Ambalasoa,Betroka,Anosy,Toliara
Ivahona,Betroka,Anosy,Toliara
Analamary,Betroka,Anosy,Toliara
Ianabinda,Betroka,Anosy,Toliara
Benato Toby,Betroka,Anosy,Toliara
Mahatalaky,Taolagnaro,Anosy,Toliara
Iaboakoho,Taolagnaro,Anosy,Toliara
Enaniliha,Taolagnaro,Anosy,Toliara
Fenoevo-Efita,Taolagnaro,Anosy,Toliara
Enakara-Haut,Taolagnaro,Anosy,Toliara
Mahabo,Betroka,Anosy,Toliara
Beampombo I,Betroka,Anosy,Toliara
Jangany,Betroka,Anosy,Toliara
Mahasoa Est,Betroka,Anosy,Toliara
Bekorobo,Betroka,Anosy,Toliara
Analamary,Taolagnaro,Anosy,Toliara
Soavary,Taolagnaro,Anosy,Toliara
Betroka,Betroka,Anosy,Toliara
Tsaraitso,Betroka,Anosy,Toliara
Naninora,Betroka,Anosy,Toliara
Iaborotra,Betroka,Anosy,Toliara
Isoanala,Betroka,Anosy,Toliara
Beampombo II,Betroka,Anosy,Toliara
Nanarena Besakoa,Betroka,Anosy,Toliara
Ianakafy,Betroka,Anosy,Toliara
Andriandampy,Betroka,Anosy,Toliara
Sakamahily,Betroka,Anosy,Toliara
Ambatomivary,Betroka,Anosy,Toliara
Amboasary Atsimo,Amboasary-Atsimo,Anosy,Toliara
Behara,Amboasary-Atsimo,Anosy,Toliara
Tanandava Sud,Amboasary-Atsimo,Anosy,Toliara
Sampona,Amboasary-Atsimo,Anosy,Toliara
Ifotaka,Amboasary-Atsimo,Anosy,Toliara
Tranomaro,Amboasary-Atsimo,Anosy,Toliara
Maromby,Amboasary-Atsimo,Anosy,Toliara
Marotsiraka,Amboasary-Atsimo,Anosy,Toliara
Tomboarivo,Amboasary-Atsimo,Anosy,Toliara
Ebelo,Amboasary-Atsimo,Anosy,Toliara
Ranobe,Amboasary-Atsimo,Anosy,Toliara
Manja,Manja,Menabe,Toliara
Elonty,Amboasary-Atsimo,Anosy,Toliara
Esira,Amboasary-Atsimo,Anosy,Toliara
Mahaly,Amboasary-Atsimo,Anosy,Toliara
Manevy,Amboasary-Atsimo,Anosy,Toliara
Tsivory,Amboasary-Atsimo,Anosy,Toliara
Ranomafana,Taolagnaro,Anosy,Toliara
Emagnobo,Taolagnaro,Anosy,Toliara
Bevoay,Taolagnaro,Anosy,Toliara
Ampasimena,Taolagnaro,Anosy,Toliara
Manantenina,Taolagnaro,Anosy,Toliara
Mahabo,Mahabo,Menabe,Toliara
Ankilivalo,Mahabo,Menabe,Toliara
Analamitsivalana,Mahabo,Menabe,Toliara
Befotaka,Mahabo,Menabe,Toliara
Ampanihy,Mahabo,Menabe,Toliara
Morondava,Morondava,Menabe,Toliara
Bemanonga,Morondava,Menabe,Toliara
Analaiva,Morondava,Menabe,Toliara
Befasy,Morondava,Menabe,Toliara
Belo Sur Mer,Morondava,Menabe,Toliara
Mazavasoa,Mahabo,Menabe,Toliara
Belo Sur Tsiribihina,Belo Sur Tsiribihina,Menabe,Toliara
Andimaky Manambolo,Belo Sur Tsiribihina,Menabe,Toliara
Bemarivo Ankirondro,Belo Sur Tsiribihina,Menabe,Toliara
Tsimafana,Belo Sur Tsiribihina,Menabe,Toliara
Beroboka Nord,Belo Sur Tsiribihina,Menabe,Toliara
Tsaraotana,Belo Sur Tsiribihina,Menabe,Toliara
Masoarivo,Belo Sur Tsiribihina,Menabe,Toliara
Aboalimena,Belo Sur Tsiribihina,Menabe,Toliara
Ankalalobe,Belo Sur Tsiribihina,Menabe,Toliara
Ankilizato,Mahabo,Menabe,Toliara
Ambia,Mahabo,Menabe,Toliara
Mandabe,Mahabo,Menabe,Toliara
Malaimbandy,Mahabo,Menabe,Toliara
Beronono,Mahabo,Menabe,Toliara
Ambiky,Belo Sur Tsiribihina,Menabe,Toliara
Berevo,Belo Sur Tsiribihina,Menabe,Toliara
Antsoha,Belo Sur Tsiribihina,Menabe,Toliara
Belinta,Belo Sur Tsiribihina,Menabe,Toliara
Ankiroroky,Belo Sur Tsiribihina,Menabe,Toliara
Miandrivazo,Miandrivazo,Menabe,Toliara
Dabolava,Miandrivazo,Menabe,Toliara
Bemahatazana,Miandrivazo,Menabe,Toliara
Ampanihy,Miandrivazo,Menabe,Toliara
Anosimena,Miandrivazo,Menabe,Toliara
Beharona,Manja,Menabe,Toliara
Anontsibe Centre,Manja,Menabe,Toliara
Soaserana,Manja,Menabe,Toliara
Ankiliabo,Manja,Menabe,Toliara
Andranopasy,Manja,Menabe,Toliara
Manandaza,Miandrivazo,Menabe,Toliara
Ankotrofotsy,Miandrivazo,Menabe,Toliara
Isalo,Miandrivazo,Menabe,Toliara
Ambatolahy,Miandrivazo,Menabe,Toliara
Manambina,Miandrivazo,Menabe,Toliara
Itondy,Miandrivazo,Menabe,Toliara
Ankavandra,Miandrivazo,Menabe,Toliara
Soaloka,Miandrivazo,Menabe,Toliara
Betsipolitra,Miandrivazo,Menabe,Toliara
Ankondromena,Miandrivazo,Menabe,Toliara
Ramena,Antsiranana II,Diana,Antsiranana
Sakaramy,Antsiranana II,Diana,Antsiranana
Antanamitarana,Antsiranana II,Diana,Antsiranana
Joffre Ville,Antsiranana II,Diana,Antsiranana
Antsahampano,Antsiranana II,Diana,Antsiranana
Anivorano Nord,Antsiranana II,Diana,Antsiranana
Antsoha,Antsiranana II,Diana,Antsiranana
Bobasakoa,Antsiranana II,Diana,Antsiranana
Ambondrona,Antsiranana II,Diana,Antsiranana
Bobakilandy,Antsiranana II,Diana,Antsiranana
Tanambao Marivorahona,Ambilobe,Diana,Antsiranana
Ambakirano,Ambilobe,Diana,Antsiranana
Ambatoben'anjavy,Ambilobe,Diana,Antsiranana
Antsaravibe,Ambilobe,Diana,Antsiranana
Antsohimbondrona,Ambilobe,Diana,Antsiranana
Mosorolava,Antsiranana II,Diana,Antsiranana
Diego Suarez,Antsiranana I,Diana,Antsiranana
Ambilobe,Ambilobe,Diana,Antsiranana
Mantaly,Ambilobe,Diana,Antsiranana
Ampondralava,Ambilobe,Diana,Antsiranana
Anjiabe Ambony,Ambilobe,Diana,Antsiranana
Ambodibonara,Ambilobe,Diana,Antsiranana
Beramanja,Ambilobe,Diana,Antsiranana
Betsiaka,Ambilobe,Diana,Antsiranana
Ambarakaraka,Ambilobe,Diana,Antsiranana
Mahavanona,Antsiranana II,Diana,Antsiranana
Mangaoka,Antsiranana II,Diana,Antsiranana
Andrafiabe,Antsiranana II,Diana,Antsiranana
Anketrakabe,Antsiranana II,Diana,Antsiranana
Sadjoavato,Antsiranana II,Diana,Antsiranana
Antsatsaka,Ambanja,Diana,Antsiranana
Antranokarany,Ambanja,Diana,Antsiranana
Djangoa,Ambanja,Diana,Antsiranana
Antsakoamanondro,Ambanja,Diana,Antsiranana
Ambalahonko,Ambanja,Diana,Antsiranana
Anaborano Ifasy,Ambilobe,Diana,Antsiranana
Manambato,Ambilobe,Diana,Antsiranana
Hell-Ville,Nosy-Be,Diana,Antsiranana
Ampangorina,Nosy-Be,Diana,Antsiranana
Ambatozavavy,Nosy-Be,Diana,Antsiranana
Ankingameloka,Ambanja,Diana,Antsiranana
Bemaneviky Haut Sambirano,Ambanja,Diana,Antsiranana
Ambodimanga Ramena,Ambanja,Diana,Antsiranana
Maevatanana,Ambanja,Diana,Antsiranana
Antafiambotry,Ambanja,Diana,Antsiranana
Maherivaratra,Ambanja,Diana,Antsiranana
Marovato,Ambanja,Diana,Antsiranana
Ambohitrandriana,Ambanja,Diana,Antsiranana
Ambohimarina,Ambanja,Diana,Antsiranana
Ambaliha,Ambanja,Diana,Antsiranana
Antalaha Ambonivohitra,Antalaha,Sava,Antsiranana
Ampahana,Antalaha,Sava,Antsiranana
Ampohibe,Antalaha,Sava,Antsiranana
Antombana,Antalaha,Sava,Antsiranana
Antsahanoro,Antalaha,Sava,Antsiranana
Marotolana,Ambanja,Diana,Antsiranana
Bemaneviky Ouest,Ambanja,Diana,Antsiranana
Anorontsangana,Ambanja,Diana,Antsiranana
Antsirabe,Ambanja,Diana,Antsiranana
Ankatafa,Ambanja,Diana,Antsiranana
Antananambo,Antalaha,Sava,Antsiranana
Marofinaritra,Antalaha,Sava,Antsiranana
Sarahandrano,Antalaha,Sava,Antsiranana
Andampy,Antalaha,Sava,Antsiranana
Ambalabe,Antalaha,Sava,Antsiranana
Ampanavoana,Antalaha,Sava,Antsiranana
Sambava Cu,Sambava,Sava,Antsiranana
Ambohimalaza,Sambava,Sava,Antsiranana
Farahalana,Sambava,Sava,Antsiranana
Nosiarina,Sambava,Sava,Antsiranana
Ambodivoara,Sambava,Sava,Antsiranana
Anjinjaomby,Sambava,Sava,Antsiranana
Morafeno,Sambava,Sava,Antsiranana
Analamaho,Sambava,Sava,Antsiranana
Ambohimitsinjo,Sambava,Sava,Antsiranana
Anjangoveratra,Sambava,Sava,Antsiranana
Andratamarina,Sambava,Sava,Antsiranana
Marogaona,Sambava,Sava,Antsiranana
Marojala,Sambava,Sava,Antsiranana
Antsambaharo,Sambava,Sava,Antsiranana
Andrahanjo,Sambava,Sava,Antsiranana
Bemanevika,Sambava,Sava,Antsiranana
Amboangibe,Sambava,Sava,Antsiranana
Andrembona,Sambava,Sava,Antsiranana
Antindra,Sambava,Sava,Antsiranana
Ambinanifaho,Antalaha,Sava,Antsiranana
Ambohitralanana,Antalaha,Sava,Antsiranana
Lanjarivo,Antalaha,Sava,Antsiranana
Antsambalahy,Antalaha,Sava,Antsiranana
Vinanivao,Antalaha,Sava,Antsiranana
Ambodiampana,Sambava,Sava,Antsiranana
Maroambihy,Sambava,Sava,Antsiranana
Ambatoafo,Sambava,Sava,Antsiranana
Anjialava,Sambava,Sava,Antsiranana
Tanambao Daoud,Sambava,Sava,Antsiranana
Bemanondrobe,Nosy-Be,Diana,Antsiranana
Dzamandzar,Nosy-Be,Diana,Antsiranana
Ambanja,Ambanja,Diana,Antsiranana
Benavony,Ambanja,Diana,Antsiranana
Ambohimena,Ambanja,Diana,Antsiranana
Matsohely,Andapa,Sava,Antsiranana
Andranomena,Andapa,Sava,Antsiranana
Ambalamanasy II,Andapa,Sava,Antsiranana
Ambodiangezoka,Andapa,Sava,Antsiranana
Betsakotsako Andranotsara,Andapa,Sava,Antsiranana
Antsahavaribe,Sambava,Sava,Antsiranana
Bevonotra,Sambava,Sava,Antsiranana
Andapa,Andapa,Sava,Antsiranana
Tanandava,Andapa,Sava,Antsiranana
Ankiakabe Nord,Andapa,Sava,Antsiranana
Belaoka Marovato,Andapa,Sava,Antsiranana
Ambodimanga I,Andapa,Sava,Antsiranana
Marovato,Andapa,Sava,Antsiranana
Andrakata,Andapa,Sava,Antsiranana
Bealampona,Andapa,Sava,Antsiranana
Vohemar,Vohemar,Sava,Antsiranana
Ampondra,Vohemar,Sava,Antsiranana
Fanambana,Vohemar,Sava,Antsiranana
Milanoa,Vohemar,Sava,Antsiranana
Bobakindro,Vohemar,Sava,Antsiranana
Daraina,Vohemar,Sava,Antsiranana
Ambalasatrana,Vohemar,Sava,Antsiranana
Tsarabaria,Vohemar,Sava,Antsiranana
Nosibe,Vohemar,Sava,Antsiranana
Andravory,Vohemar,Sava,Antsiranana
Belaoka Lokoho,Andapa,Sava,Antsiranana
Anoviara,Andapa,Sava,Antsiranana
Doany,Andapa,Sava,Antsiranana
Anjialavabe,Andapa,Sava,Antsiranana
Antsahamena,Andapa,Sava,Antsiranana
Andrafainkona,Vohemar,Sava,Antsiranana
Ampanefena,Vohemar,Sava,Antsiranana
Ambodisambalahy,Vohemar,Sava,Antsiranana
Ambinanin'andravory,Vohemar,Sava,Antsiranana
Amboriala,Vohemar,Sava,Antsiranana
Maromokotra Loky,Vohemar,Sava,Antsiranana
Antsirabe Nord,Vohemar,Sava,Antsiranana
Ampisikinana,Vohemar,Sava,Antsiranana
Belambo,Vohemar,Sava,Antsiranana
Antsalaka,Antsiranana II,Diana,Antsiranana
Andranovondronina,Antsiranana II,Diana,Antsiranana
Andranofanjava,Antsiranana II,Diana,Antsiranana
Mahalina,Antsiranana II,Diana,Antsiranana
Ankarongana,Antsiranana II,Diana,Antsiranana
